case,product,node,peak_I,lot_weeks_I,min_I,first_I,last_I,report_start_I,report_lot_weeks_I
baseline,Koshihikari,DC_Higashi,0,0,0,0,0,0,0
baseline,Koshihikari,DC_Nishi,0,0,0,0,0,0,0
baseline,Koshihikari,Genmai_Souko_Niigata,0,0,0,0,0,0,0
baseline,Koshihikari,Retail_KANSAI,0,0,0,0,0,0,0
baseline,Koshihikari,Retail_KANTO,0,0,0,0,0,0,0
baseline,Koshihikari,Retail_KYUSHU,0,0,0,0,0,0,0
baseline,Koshihikari,Retail_TOHOKU,0,0,0,0,0,0,0
baseline,Koshihikari,SP_Kome,0,0,0,0,0,0,0
baseline,Koshihikari,Sanchiku_Niigata,46297,7222332,46297,46297,46297,46297,4768591
baseline,Koshihikari,Seihaku_E,0,0,0,0,0,0,0
baseline,Koshihikari,Seihaku_W,0,0,0,0,0,0,0
baseline,Koshihikari,Tanbo_Niigata,0,0,0,0,0,0,0
baseline,Yumepirika,DC_Higashi,0,0,0,0,0,0,0
baseline,Yumepirika,DC_Nishi,0,0,0,0,0,0,0
baseline,Yumepirika,Genmai_Souko_Hokkaido,0,0,0,0,0,0,0
baseline,Yumepirika,Retail_KANSAI,0,0,0,0,0,0,0
baseline,Yumepirika,Retail_KANTO,0,0,0,0,0,0,0
baseline,Yumepirika,Retail_KYUSHU,0,0,0,0,0,0,0
baseline,Yumepirika,Retail_TOHOKU,0,0,0,0,0,0,0
baseline,Yumepirika,SP_Kome,0,0,0,0,0,0,0
baseline,Yumepirika,Sanchiku_Hokkaido,16045,1982089,12432,12432,12432,12692,1299515
baseline,Yumepirika,Seihaku_E,0,0,0,0,0,0,0
baseline,Yumepirika,Seihaku_W,0,0,0,0,0,0,0
baseline,Yumepirika,Tanbo_Hokkaido,0,0,0,0,0,0,0
legacy_calendar,Koshihikari,DC_Higashi,0,0,0,0,0,0,0
legacy_calendar,Koshihikari,DC_Nishi,0,0,0,0,0,0,0
legacy_calendar,Koshihikari,Genmai_Souko_Niigata,0,0,0,0,0,0,0
legacy_calendar,Koshihikari,Retail_KANSAI,0,0,0,0,0,0,0
legacy_calendar,Koshihikari,Retail_KANTO,0,0,0,0,0,0,0
legacy_calendar,Koshihikari,Retail_KYUSHU,0,0,0,0,0,0,0
legacy_calendar,Koshihikari,Retail_TOHOKU,0,0,0,0,0,0,0
legacy_calendar,Koshihikari,SP_Kome,0,0,0,0,0,0,0
legacy_calendar,Koshihikari,Sanchiku_Niigata,46297,7268629,46297,46297,46297,46297,4814888
legacy_calendar,Koshihikari,Seihaku_E,0,0,0,0,0,0,0
legacy_calendar,Koshihikari,Seihaku_W,0,0,0,0,0,0,0
legacy_calendar,Koshihikari,Tanbo_Niigata,0,0,0,0,0,0,0
legacy_calendar,Yumepirika,DC_Higashi,0,0,0,0,0,0,0
legacy_calendar,Yumepirika,DC_Nishi,0,0,0,0,0,0,0
legacy_calendar,Yumepirika,Genmai_Souko_Hokkaido,0,0,0,0,0,0,0
legacy_calendar,Yumepirika,Retail_KANSAI,0,0,0,0,0,0,0
legacy_calendar,Yumepirika,Retail_KANTO,0,0,0,0,0,0,0
legacy_calendar,Yumepirika,Retail_KYUSHU,0,0,0,0,0,0,0
legacy_calendar,Yumepirika,Retail_TOHOKU,0,0,0,0,0,0,0
legacy_calendar,Yumepirika,SP_Kome,0,0,0,0,0,0,0
legacy_calendar,Yumepirika,Sanchiku_Hokkaido,16045,1995304,12432,12432,12432,12692,1312730
legacy_calendar,Yumepirika,Seihaku_E,0,0,0,0,0,0,0
legacy_calendar,Yumepirika,Seihaku_W,0,0,0,0,0,0,0
legacy_calendar,Yumepirika,Tanbo_Hokkaido,0,0,0,0,0,0,0
dal_current,Koshihikari,DC_Higashi,0,0,0,0,0,0,0
dal_current,Koshihikari,DC_Nishi,0,0,0,0,0,0,0
dal_current,Koshihikari,Genmai_Souko_Niigata,0,0,0,0,0,0,0
dal_current,Koshihikari,Retail_KANSAI,0,0,0,0,0,0,0
dal_current,Koshihikari,Retail_KANTO,0,0,0,0,0,0,0
dal_current,Koshihikari,Retail_KYUSHU,0,0,0,0,0,0,0
dal_current,Koshihikari,Retail_TOHOKU,0,0,0,0,0,0,0
dal_current,Koshihikari,SP_Kome,0,0,0,0,0,0,0
dal_current,Koshihikari,Sanchiku_Niigata,0,0,0,0,0,0,0
dal_current,Koshihikari,Seihaku_E,0,0,0,0,0,0,0
dal_current,Koshihikari,Seihaku_W,0,0,0,0,0,0,0
dal_current,Koshihikari,Tanbo_Niigata,0,0,0,0,0,0,0
dal_current,Yumepirika,DC_Higashi,0,0,0,0,0,0,0
dal_current,Yumepirika,DC_Nishi,0,0,0,0,0,0,0
dal_current,Yumepirika,Genmai_Souko_Hokkaido,0,0,0,0,0,0,0
dal_current,Yumepirika,Retail_KANSAI,0,0,0,0,0,0,0
dal_current,Yumepirika,Retail_KANTO,0,0,0,0,0,0,0
dal_current,Yumepirika,Retail_KYUSHU,0,0,0,0,0,0,0
dal_current,Yumepirika,Retail_TOHOKU,0,0,0,0,0,0,0
dal_current,Yumepirika,SP_Kome,0,0,0,0,0,0,0
dal_current,Yumepirika,Sanchiku_Hokkaido,0,0,0,0,0,0,0
dal_current,Yumepirika,Seihaku_E,0,0,0,0,0,0,0
dal_current,Yumepirika,Seihaku_W,0,0,0,0,0,0,0
dal_current,Yumepirika,Tanbo_Hokkaido,0,0,0,0,0,0,0
dal_increased,Koshihikari,DC_Higashi,0,0,0,0,0,0,0
dal_increased,Koshihikari,DC_Nishi,0,0,0,0,0,0,0
dal_increased,Koshihikari,Genmai_Souko_Niigata,0,0,0,0,0,0,0
dal_increased,Koshihikari,Retail_KANSAI,0,0,0,0,0,0,0
dal_increased,Koshihikari,Retail_KANTO,0,0,0,0,0,0,0
dal_increased,Koshihikari,Retail_KYUSHU,0,0,0,0,0,0,0
dal_increased,Koshihikari,Retail_TOHOKU,0,0,0,0,0,0,0
dal_increased,Koshihikari,SP_Kome,0,0,0,0,0,0,0
dal_increased,Koshihikari,Sanchiku_Niigata,0,0,0,0,0,0,0
dal_increased,Koshihikari,Seihaku_E,0,0,0,0,0,0,0
dal_increased,Koshihikari,Seihaku_W,0,0,0,0,0,0,0
dal_increased,Koshihikari,Tanbo_Niigata,0,0,0,0,0,0,0
dal_increased,Yumepirika,DC_Higashi,0,0,0,0,0,0,0
dal_increased,Yumepirika,DC_Nishi,0,0,0,0,0,0,0
dal_increased,Yumepirika,Genmai_Souko_Hokkaido,0,0,0,0,0,0,0
dal_increased,Yumepirika,Retail_KANSAI,0,0,0,0,0,0,0
dal_increased,Yumepirika,Retail_KANTO,0,0,0,0,0,0,0
dal_increased,Yumepirika,Retail_KYUSHU,0,0,0,0,0,0,0
dal_increased,Yumepirika,Retail_TOHOKU,0,0,0,0,0,0,0
dal_increased,Yumepirika,SP_Kome,0,0,0,0,0,0,0
dal_increased,Yumepirika,Sanchiku_Hokkaido,0,0,0,0,0,0,0
dal_increased,Yumepirika,Seihaku_E,0,0,0,0,0,0,0
dal_increased,Yumepirika,Seihaku_W,0,0,0,0,0,0,0
dal_increased,Yumepirika,Tanbo_Hokkaido,0,0,0,0,0,0,0
