model,line,column,sku_id,node,week
smartx-2027-2029,865,max_supply,SmartXPro_CN,AssemblyCN,2030-W14
smartx-2027-2029,866,max_supply,SmartXPro_CN,AssemblyCN,2030-W15
smartx-2027-2029,867,max_supply,SmartXPro_CN,AssemblyCN,2030-W16
smartx-2027-2029,868,max_supply,SmartXPro_CN,AssemblyCN,2030-W17
smartx-2027-2029,869,max_supply,SmartXPro_CN,AssemblyCN,2030-W18
smartx-2027-2029,870,max_supply,SmartXPro_CN,AssemblyCN,2030-W19
smartx-2027-2029,871,max_supply,SmartXPro_CN,AssemblyCN,2030-W20
smartx-2027-2029,872,max_supply,SmartXPro_CN,AssemblyCN,2030-W21
smartx-2027-2029,873,max_supply,SmartXPro_CN,AssemblyCN,2030-W22
smartx-2027-2029,874,max_supply,SmartXPro_CN,AssemblyCN,2030-W23
smartx-2027-2029,875,max_supply,SmartXPro_CN,AssemblyCN,2030-W24
smartx-2027-2029,876,max_supply,SmartXPro_CN,AssemblyCN,2030-W25
smartx-2027-2029,877,max_supply,SmartXPro_CN,AssemblyCN,2030-W26
smartx-2027-2029,878,max_supply,SmartXPro_CN,AssemblyCN,2030-W27
smartx-2027-2029,879,max_supply,SmartXPro_CN,AssemblyCN,2030-W28
smartx-2027-2029,880,max_supply,SmartXPro_CN,AssemblyCN,2030-W29
smartx-2027-2029,881,max_supply,SmartXPro_CN,AssemblyCN,2030-W30
smartx-2027-2029,882,max_supply,SmartXPro_CN,AssemblyCN,2030-W31
smartx-2027-2029,883,max_supply,SmartXPro_CN,AssemblyCN,2030-W32
smartx-2027-2029,884,max_supply,SmartXPro_CN,AssemblyCN,2030-W33
smartx-2027-2029,885,max_supply,SmartXPro_CN,AssemblyCN,2030-W34
smartx-2027-2029,886,max_supply,SmartXPro_CN,AssemblyCN,2030-W35
smartx-2027-2029,887,max_supply,SmartXPro_CN,AssemblyCN,2030-W36
smartx-2027-2029,888,max_supply,SmartXPro_CN,AssemblyCN,2030-W37
smartx-2027-2029,889,max_supply,SmartXPro_CN,AssemblyCN,2030-W38
smartx-2027-2029,890,max_supply,SmartXPro_CN,AssemblyCN,2030-W39
smartx-2027-2029,891,max_supply,SmartXPro_CN,AssemblyCN,2030-W40
smartx-2027-2029,892,max_supply,SmartXPro_CN,AssemblyCN,2030-W41
smartx-2027-2029,893,max_supply,SmartXPro_CN,AssemblyCN,2030-W42
smartx-2027-2029,894,max_supply,SmartXPro_CN,AssemblyCN,2030-W43
smartx-2027-2029,895,max_supply,SmartXPro_CN,AssemblyCN,2030-W44
smartx-2027-2029,896,max_supply,SmartXPro_CN,AssemblyCN,2030-W45
smartx-2027-2029,897,max_supply,SmartXPro_CN,AssemblyCN,2030-W46
smartx-2027-2029,898,max_supply,SmartXPro_CN,AssemblyCN,2030-W47
smartx-2027-2029,899,max_supply,SmartXPro_CN,AssemblyCN,2030-W48
smartx-2027-2029,900,max_supply,SmartXPro_CN,AssemblyCN,2030-W49
smartx-2027-2029,901,max_supply,SmartXPro_CN,AssemblyCN,2030-W50
smartx-2027-2029,902,max_supply,SmartXPro_CN,AssemblyCN,2030-W51
smartx-2027-2029,903,max_supply,SmartXPro_CN,AssemblyCN,2030-W52
