model,mode,qty_basis,leaf_demand_fcst,leaf_request,leaf_ship,leaf_on_time,leaf_fulfilled_old,leaf_fulfilled_new,leaf_stockout_old,leaf_stockout_new,leaf_fill_mean_old,leaf_fill_mean_new,leaf_fill_max_new,dad_fulfilled_old,dad_fulfilled_new,money_revenue_old,money_revenue_new,money_cogs_old,money_cogs_new,money_units_old,money_units_new,ppc_revenue_base,ppc_base_currency,skpi_fill_old,skpi_fill_new,legacy_identical,old_columns_identical,money_identical
Cookie-jp-2026,identity,actual_ship,141990.0,141990.0,141990.0,141990.0,141990.0,141990.0,0.0,0.0,1.0,1.0,1.0,220920.0,220920.0,4259700000.0,4259700000.0,2603010000.0,2603010000.0,362910.0,362910.0,4259700000.0,JPY,1.0,1.0,,False,True
Cookie-jp-2026,legacy,request,141990.0,141990.0,141990.0,,141990.0,141990.0,0.0,0.0,1.0,1.0,1.0,220920.0,220920.0,4259700000.0,4259700000.0,2603010000.0,2603010000.0,362910.0,362910.0,4259700000.0,JPY,1.0,1.0,True,True,True
apparel-global-2028-2029,identity,actual_ship,181526.0,181526.0,181526.0,181526.0,181526.0,181526.0,0.0,0.0,1.0,1.0,1.0,363052.0,363052.0,10367012.0,10367012.0,4023675.04,4023675.04,544578.0,544578.0,10387986.16,USD,1.0,1.0,,False,True
apparel-global-2028-2029,legacy,request,181526.0,181526.0,181526.0,,181526.0,181526.0,0.0,0.0,1.0,1.0,1.0,363052.0,363052.0,10367012.0,10367012.0,4023675.04,4023675.04,544578.0,544578.0,10387986.16,USD,1.0,1.0,True,True,True
apparel-us-2026,identity,actual_ship,249172.0,249172.0,249172.0,249172.0,249172.0,249172.0,0.0,0.0,1.0,1.0,1.0,249172.0,249172.0,12209428.0,12209428.0,4485096.0,4485096.0,498344.0,498344.0,12209428.0,USD,1.0,1.0,,False,True
apparel-us-2026,legacy,request,249172.0,249172.0,249172.0,,249172.0,249172.0,0.0,0.0,1.0,1.0,1.0,249172.0,249172.0,12209428.0,12209428.0,4485096.0,4485096.0,498344.0,498344.0,12209428.0,USD,1.0,1.0,True,True,True
bom-test-2026,identity,actual_ship,100.0,100.0,100.0,100.0,100.0,100.0,0.0,0.0,1.0,1.0,1.0,100.0,100.0,3200000.0,3200000.0,2000000.0,2000000.0,200.0,200.0,3200000.0,USD,1.0,1.0,,False,True
bom-test-2026,legacy,request,100.0,100.0,100.0,,100.0,100.0,0.0,0.0,1.0,1.0,1.0,100.0,100.0,3200000.0,3200000.0,2000000.0,2000000.0,200.0,200.0,3200000.0,USD,1.0,1.0,True,True,True
ev-europe-2026,identity,actual_ship,53140.0,53140.0,53140.0,53140.0,53140.0,53140.0,0.0,0.0,1.0,1.0,1.0,53140.0,53140.0,2221262000.0,2221262000.0,1044666100.0,1044666100.0,106280.0,106280.0,366508230000.0,JPY,1.0,1.0,,False,True
ev-europe-2026,legacy,request,53140.0,53140.0,53140.0,,53140.0,53140.0,0.0,0.0,1.0,1.0,1.0,53140.0,53140.0,2221262000.0,2221262000.0,1044666100.0,1044666100.0,106280.0,106280.0,366508230000.0,JPY,1.0,1.0,True,True,True
ev-thailand-2026,identity,actual_ship,63240.0,63240.0,63240.0,63240.0,63240.0,63240.0,0.0,0.0,1.0,1.0,1.0,63240.0,63240.0,75086960000.0,75086960000.0,51119000000.0,51119000000.0,126480.0,126480.0,319119580000.0,JPY,1.0,1.0,,False,True
ev-thailand-2026,legacy,request,63240.0,63240.0,63240.0,,63240.0,63240.0,0.0,0.0,1.0,1.0,1.0,63240.0,63240.0,75086960000.0,75086960000.0,51119000000.0,51119000000.0,126480.0,126480.0,319119580000.0,JPY,1.0,1.0,True,True,True
iphone_global,identity,actual_ship,470924.0,470924.0,414090.0,414090.0,470924.0,414090.0,0.0,56834.0,1.0,0.9011599511599511,1.0,470924.0,414090.0,463544276.0,416331210.0,206007560.0,183688370.0,941848.0,828180.0,641014134734200.0,JPY,1.0,0.8793138595612031,,False,False
iphone_global,legacy,request,470924.0,470924.0,470924.0,,470924.0,470924.0,0.0,0.0,1.0,1.0,1.0,470924.0,470924.0,463544276.0,463544276.0,206007560.0,206007560.0,941848.0,941848.0,713310634579400.0,JPY,1.0,1.0,True,True,True
oil-global-2027,identity,actual_ship,191058.0,191058.0,191029.0,191029.0,191058.0,191029.0,0.0,29.0,1.0,0.9933608058608059,1.0,191058.0,191029.0,1620890157490.0,1542260157490.0,52829110967.0,50503639276.0,382116.0,382058.0,1571097940180.0,JPY,1.0,0.9998482136314627,,False,False
oil-global-2027,legacy,request,191058.0,191058.0,191058.0,,191058.0,191058.0,0.0,0.0,1.0,1.0,1.0,191058.0,191058.0,1620890157490.0,1620890157490.0,52829110967.0,52829110967.0,382116.0,382116.0,1649727940180.0,JPY,1.0,1.0,True,True,True
rice-japan-2027-2028,identity,actual_ship,235316.0,235316.0,142914.0,0.0,235316.0,142914.0,0.0,235316.0,1.0,0.00641025641025641,1.0,693503.0,484888.0,725656000000.0,437789600000.0,407299500000.0,244813800000.0,928819.0,627802.0,1122629300.0,JPY,1.0,0.0,,False,False
rice-japan-2027-2028,legacy,request,235316.0,235316.0,235316.0,,235316.0,235316.0,0.0,0.0,1.0,1.0,1.0,693503.0,693503.0,725656000000.0,725656000000.0,407299500000.0,407299500000.0,928819.0,928819.0,1829200000.0,JPY,1.0,1.0,True,True,True
smartx-2027-2029,identity,actual_ship,709811.0,709811.0,709811.0,693738.0,709811.0,709811.0,0.0,16073.0,1.0,0.9903112310151878,1.0,709811.0,709811.0,702250439.0,702250439.0,311776660.0,311776660.0,1419622.0,1419622.0,702250439.0,USD,1.0,0.9773559440470774,,False,True
smartx-2027-2029,legacy,request,709811.0,709811.0,709811.0,,709811.0,709811.0,0.0,0.0,1.0,1.0,1.0,709811.0,709811.0,702250439.0,702250439.0,311776660.0,311776660.0,1419622.0,1419622.0,702250439.0,USD,1.0,1.0,True,True,True
soysauce-eu-2027,identity,actual_ship,100501.0,100501.0,100501.0,100501.0,100501.0,100501.0,0.0,0.0,1.0,1.0,1.0,201002.0,201002.0,3621055.0,3621055.0,1608016.0,1608016.0,301503.0,301503.0,3622500.59,USD,1.0,1.0,,False,True
soysauce-eu-2027,legacy,request,100501.0,100501.0,100501.0,,100501.0,100501.0,0.0,0.0,1.0,1.0,1.0,201002.0,201002.0,3621055.0,3621055.0,1608016.0,1608016.0,301503.0,301503.0,3622500.59,USD,1.0,1.0,True,True,True
soysauce-jpy-2027,identity,actual_ship,100501.0,100501.0,100501.0,100501.0,100501.0,100501.0,0.0,0.0,1.0,1.0,1.0,201002.0,201002.0,543369300.0,543369300.0,241202400.0,241202400.0,301503.0,301503.0,614988400.0,JPY,1.0,1.0,,False,True
soysauce-jpy-2027,legacy,request,100501.0,100501.0,100501.0,,100501.0,100501.0,0.0,0.0,1.0,1.0,1.0,201002.0,201002.0,543369300.0,543369300.0,241202400.0,241202400.0,301503.0,301503.0,614988400.0,JPY,1.0,1.0,True,True,True
soysauce-us-2027,identity,actual_ship,100500.0,100500.0,100500.0,100500.0,100500.0,100500.0,0.0,0.0,1.0,1.0,1.0,201000.0,201000.0,3585840.0,3585840.0,1608000.0,1608000.0,301500.0,301500.0,3585878.59,USD,1.0,1.0,,False,True
soysauce-us-2027,legacy,request,100500.0,100500.0,100500.0,,100500.0,100500.0,0.0,0.0,1.0,1.0,1.0,201000.0,201000.0,3585840.0,3585840.0,1608000.0,1608000.0,301500.0,301500.0,3585878.59,USD,1.0,1.0,True,True,True
ev-thailand-2026_update,identity,actual_ship,63240.0,63240.0,63240.0,63240.0,63240.0,63240.0,0.0,0.0,1.0,1.0,1.0,63240.0,63240.0,75086960000.0,75086960000.0,51119000000.0,51119000000.0,126480.0,126480.0,319119580000.0,JPY,1.0,1.0,,False,True
ev-thailand-2026_update,legacy,request,63240.0,63240.0,63240.0,,63240.0,63240.0,0.0,0.0,1.0,1.0,1.0,63240.0,63240.0,75086960000.0,75086960000.0,51119000000.0,51119000000.0,126480.0,126480.0,319119580000.0,JPY,1.0,1.0,True,True,True
soysauce-jpy-2027-alloc,identity,actual_ship,100501.0,100501.0,75291.0,75291.0,100501.0,75291.0,0.0,25210.0,1.0,0.7264102564102565,1.0,201002.0,150582.0,543369300.0,390424740.0,241202400.0,180698400.0,301503.0,225873.0,427957532.0,JPY,1.0,0.7491567248087083,,False,False
soysauce-jpy-2027-alloc,legacy,request,100501.0,100501.0,100501.0,,100501.0,100501.0,0.0,0.0,1.0,1.0,1.0,201002.0,201002.0,543369300.0,543369300.0,241202400.0,241202400.0,301503.0,301503.0,614988400.0,JPY,1.0,1.0,True,True,True
