sku_id,region,week,max_supply,cap_pieces,source
Phone16,CN,2026-W28,800,,EMS_A_CN
Phone15,CN,2026-W28,500,,EMS_A_CN
Phone16,CN,2026-W29,800,,EMS_A_CN
Phone15,CN,2026-W29,500,,EMS_A_CN
Phone16,CN,2026-W30,800,,EMS_A_CN
Phone15,CN,2026-W30,500,,EMS_A_CN
Phone16,CN,2026-W31,800,,EMS_A_CN
Phone15,CN,2026-W31,500,,EMS_A_CN
Phone16,CN,2026-W32,800,,EMS_A_CN
Phone15,CN,2026-W32,500,,EMS_A_CN
Phone16,CN,2026-W33,800,,EMS_A_CN
Phone15,CN,2026-W33,500,,EMS_A_CN
Phone16,CN,2026-W34,800,,EMS_A_CN
Phone15,CN,2026-W34,500,,EMS_A_CN
Phone16,CN,2026-W35,800,,EMS_A_CN
Phone15,CN,2026-W35,500,,EMS_A_CN
Phone16,CN,2026-W36,800,,EMS_A_CN
Phone15,CN,2026-W36,500,,EMS_A_CN
Phone16,CN,2026-W37,800,,EMS_A_CN
Phone15,CN,2026-W37,500,,EMS_A_CN
Phone16,CN,2026-W38,800,,EMS_A_CN
Phone15,CN,2026-W38,500,,EMS_A_CN
Phone16,CN,2026-W39,800,,EMS_A_CN
Phone15,CN,2026-W39,500,,EMS_A_CN
Phone16,CN,2026-W40,800,,EMS_A_CN
Phone15,CN,2026-W40,500,,EMS_A_CN
Phone16,CN,2026-W41,800,,EMS_A_CN
Phone15,CN,2026-W41,500,,EMS_A_CN
Phone16,CN,2026-W42,800,,EMS_A_CN
Phone15,CN,2026-W42,500,,EMS_A_CN
Phone16,CN,2026-W43,800,,EMS_A_CN
Phone15,CN,2026-W43,500,,EMS_A_CN
Phone16,CN,2026-W44,800,,EMS_A_CN
Phone15,CN,2026-W44,500,,EMS_A_CN
Phone16,CN,2026-W45,800,,EMS_A_CN
Phone15,CN,2026-W45,500,,EMS_A_CN
Phone16,CN,2026-W46,800,,EMS_A_CN
Phone15,CN,2026-W46,500,,EMS_A_CN
Phone16,CN,2026-W47,800,,EMS_A_CN
Phone15,CN,2026-W47,500,,EMS_A_CN
Phone16,CN,2026-W48,800,,EMS_A_CN
Phone15,CN,2026-W48,500,,EMS_A_CN
Phone16,CN,2026-W49,800,,EMS_A_CN
Phone15,CN,2026-W49,500,,EMS_A_CN
Phone16,CN,2026-W50,800,,EMS_A_CN
Phone15,CN,2026-W50,500,,EMS_A_CN
Phone16,CN,2026-W51,800,,EMS_A_CN
Phone15,CN,2026-W51,500,,EMS_A_CN
Phone16,CN,2026-W52,800,,EMS_A_CN
Phone15,CN,2026-W52,500,,EMS_A_CN
Phone16,CN,2026-W53,800,,EMS_A_CN
Phone15,CN,2026-W53,500,,EMS_A_CN
Phone16,CN,2027-W01,800,,EMS_A_CN
Phone15,CN,2027-W01,500,,EMS_A_CN
Phone16,CN,2027-W02,800,,EMS_A_CN
Phone15,CN,2027-W02,500,,EMS_A_CN
Phone16,CN,2027-W03,800,,EMS_A_CN
Phone15,CN,2027-W03,500,,EMS_A_CN
Phone16,CN,2027-W04,800,,EMS_A_CN
Phone15,CN,2027-W04,500,,EMS_A_CN
Phone16,CN,2027-W05,800,,EMS_A_CN
Phone15,CN,2027-W05,500,,EMS_A_CN
Phone16,CN,2027-W06,800,,EMS_A_CN
Phone15,CN,2027-W06,500,,EMS_A_CN
Phone16,CN,2027-W07,800,,EMS_A_CN
Phone15,CN,2027-W07,500,,EMS_A_CN
Phone16,CN,2027-W08,800,,EMS_A_CN
Phone15,CN,2027-W08,500,,EMS_A_CN
Phone16,CN,2027-W09,800,,EMS_A_CN
Phone15,CN,2027-W09,500,,EMS_A_CN
Phone16,CN,2027-W10,800,,EMS_A_CN
Phone15,CN,2027-W10,500,,EMS_A_CN
Phone16,CN,2027-W11,800,,EMS_A_CN
Phone15,CN,2027-W11,500,,EMS_A_CN
Phone16,CN,2027-W12,800,,EMS_A_CN
Phone15,CN,2027-W12,500,,EMS_A_CN
Phone16,CN,2027-W13,800,,EMS_A_CN
Phone15,CN,2027-W13,500,,EMS_A_CN
Phone16,CN,2027-W14,800,,EMS_A_CN
Phone15,CN,2027-W14,500,,EMS_A_CN
Phone16,CN,2027-W15,800,,EMS_A_CN
Phone15,CN,2027-W15,500,,EMS_A_CN
Phone16,CN,2027-W16,800,,EMS_A_CN
Phone15,CN,2027-W16,500,,EMS_A_CN
Phone16,CN,2027-W17,800,,EMS_A_CN
Phone15,CN,2027-W17,500,,EMS_A_CN
Phone16,CN,2027-W18,800,,EMS_A_CN
Phone15,CN,2027-W18,500,,EMS_A_CN
Phone16,CN,2027-W19,800,,EMS_A_CN
Phone15,CN,2027-W19,500,,EMS_A_CN
Phone16,CN,2027-W20,800,,EMS_A_CN
Phone15,CN,2027-W20,500,,EMS_A_CN
Phone16,CN,2027-W21,800,,EMS_A_CN
Phone15,CN,2027-W21,500,,EMS_A_CN
Phone16,CN,2027-W22,800,,EMS_A_CN
Phone15,CN,2027-W22,500,,EMS_A_CN
Phone16,CN,2027-W23,800,,EMS_A_CN
Phone15,CN,2027-W23,500,,EMS_A_CN
Phone16,CN,2027-W24,800,,EMS_A_CN
Phone15,CN,2027-W24,500,,EMS_A_CN
Phone16,CN,2027-W25,800,,EMS_A_CN
Phone15,CN,2027-W25,500,,EMS_A_CN
Phone16,CN,2027-W26,800,,EMS_A_CN
Phone15,CN,2027-W26,500,,EMS_A_CN
Phone16,CN,2027-W27,799,,EMS_A_CN
Phone15,CN,2027-W27,500,,EMS_A_CN
Phone16,CN,2027-W28,798,,EMS_A_CN
Phone15,CN,2027-W28,500,,EMS_A_CN
Phone16,CN,2027-W29,797,,EMS_A_CN
Phone15,CN,2027-W29,500,,EMS_A_CN
Phone16,CN,2027-W30,796,,EMS_A_CN
Phone15,CN,2027-W30,500,,EMS_A_CN
Phone16,CN,2027-W31,795,,EMS_A_CN
Phone15,CN,2027-W31,500,,EMS_A_CN
Phone16,CN,2027-W32,794,,EMS_A_CN
Phone15,CN,2027-W32,500,,EMS_A_CN
Phone16,CN,2027-W33,793,,EMS_A_CN
Phone15,CN,2027-W33,500,,EMS_A_CN
Phone16,CN,2027-W34,792,,EMS_A_CN
Phone15,CN,2027-W34,500,,EMS_A_CN
Phone16,CN,2027-W35,792,,EMS_A_CN
Phone15,CN,2027-W35,500,,EMS_A_CN
Phone16,CN,2027-W36,791,,EMS_A_CN
Phone15,CN,2027-W36,500,,EMS_A_CN
Phone16,CN,2027-W37,790,,EMS_A_CN
Phone15,CN,2027-W37,500,,EMS_A_CN
Phone16,CN,2027-W38,789,,EMS_A_CN
Phone15,CN,2027-W38,500,,EMS_A_CN
Phone16,CN,2027-W39,788,,EMS_A_CN
Phone15,CN,2027-W39,500,,EMS_A_CN
Phone16,CN,2027-W40,787,,EMS_A_CN
Phone15,CN,2027-W40,500,,EMS_A_CN
Phone16,CN,2027-W41,786,,EMS_A_CN
Phone15,CN,2027-W41,500,,EMS_A_CN
Phone16,CN,2027-W42,785,,EMS_A_CN
Phone15,CN,2027-W42,500,,EMS_A_CN
Phone16,CN,2027-W43,784,,EMS_A_CN
Phone15,CN,2027-W43,500,,EMS_A_CN
Phone16,CN,2027-W44,783,,EMS_A_CN
Phone15,CN,2027-W44,500,,EMS_A_CN
Phone16,CN,2027-W45,782,,EMS_A_CN
Phone15,CN,2027-W45,500,,EMS_A_CN
Phone16,CN,2027-W46,781,,EMS_A_CN
Phone15,CN,2027-W46,500,,EMS_A_CN
Phone16,CN,2027-W47,780,,EMS_A_CN
Phone15,CN,2027-W47,500,,EMS_A_CN
Phone16,CN,2027-W48,779,,EMS_A_CN
Phone15,CN,2027-W48,500,,EMS_A_CN
Phone16,CN,2027-W49,778,,EMS_A_CN
Phone15,CN,2027-W49,500,,EMS_A_CN
Phone16,CN,2027-W50,777,,EMS_A_CN
Phone15,CN,2027-W50,500,,EMS_A_CN
Phone16,CN,2027-W51,776,,EMS_A_CN
Phone15,CN,2027-W51,500,,EMS_A_CN
Phone16,CN,2027-W52,775,,EMS_A_CN
Phone15,CN,2027-W52,500,,EMS_A_CN
Phone16,CN,2028-W01,775,,EMS_A_CN
Phone15,CN,2028-W01,495,,EMS_A_CN
Phone16,CN,2028-W02,774,,EMS_A_CN
Phone15,CN,2028-W02,491,,EMS_A_CN
Phone16,CN,2028-W03,773,,EMS_A_CN
Phone15,CN,2028-W03,486,,EMS_A_CN
Phone16,CN,2028-W04,772,,EMS_A_CN
Phone15,CN,2028-W04,481,,EMS_A_CN
Phone16,CN,2028-W05,771,,EMS_A_CN
Phone15,CN,2028-W05,476,,EMS_A_CN
Phone16,CN,2028-W06,770,,EMS_A_CN
Phone15,CN,2028-W06,472,,EMS_A_CN
Phone16,CN,2028-W07,769,,EMS_A_CN
Phone15,CN,2028-W07,467,,EMS_A_CN
Phone16,CN,2028-W08,768,,EMS_A_CN
Phone15,CN,2028-W08,462,,EMS_A_CN
Phone16,CN,2028-W09,767,,EMS_A_CN
Phone15,CN,2028-W09,458,,EMS_A_CN
Phone16,CN,2028-W10,766,,EMS_A_CN
Phone15,CN,2028-W10,453,,EMS_A_CN
Phone16,CN,2028-W11,765,,EMS_A_CN
Phone15,CN,2028-W11,448,,EMS_A_CN
Phone16,CN,2028-W12,764,,EMS_A_CN
Phone15,CN,2028-W12,443,,EMS_A_CN
Phone16,CN,2028-W13,763,,EMS_A_CN
Phone15,CN,2028-W13,439,,EMS_A_CN
Phone16,CN,2028-W14,762,,EMS_A_CN
Phone15,CN,2028-W14,434,,EMS_A_CN
Phone16,CN,2028-W15,761,,EMS_A_CN
Phone15,CN,2028-W15,429,,EMS_A_CN
Phone16,CN,2028-W16,760,,EMS_A_CN
Phone15,CN,2028-W16,425,,EMS_A_CN
Phone16,CN,2028-W17,759,,EMS_A_CN
Phone15,CN,2028-W17,420,,EMS_A_CN
Phone16,CN,2028-W18,758,,EMS_A_CN
Phone15,CN,2028-W18,415,,EMS_A_CN
Phone16,CN,2028-W19,758,,EMS_A_CN
Phone15,CN,2028-W19,410,,EMS_A_CN
Phone16,CN,2028-W20,757,,EMS_A_CN
Phone15,CN,2028-W20,406,,EMS_A_CN
Phone16,CN,2028-W21,756,,EMS_A_CN
Phone15,CN,2028-W21,401,,EMS_A_CN
Phone16,CN,2028-W22,755,,EMS_A_CN
Phone15,CN,2028-W22,396,,EMS_A_CN
Phone16,CN,2028-W23,754,,EMS_A_CN
Phone15,CN,2028-W23,392,,EMS_A_CN
Phone16,CN,2028-W24,753,,EMS_A_CN
Phone15,CN,2028-W24,387,,EMS_A_CN
Phone16,CN,2028-W25,752,,EMS_A_CN
Phone15,CN,2028-W25,382,,EMS_A_CN
Phone16,CN,2028-W26,751,,EMS_A_CN
Phone15,CN,2028-W26,377,,EMS_A_CN
Phone16,CN,2028-W27,747,,EMS_A_CN
Phone15,CN,2028-W27,373,,EMS_A_CN
Phone17,CN,2028-W27,26,,EMS_A_CN
Phone16,CN,2028-W28,744,,EMS_A_CN
Phone15,CN,2028-W28,368,,EMS_A_CN
Phone17,CN,2028-W28,52,,EMS_A_CN
Phone16,CN,2028-W29,742,,EMS_A_CN
Phone15,CN,2028-W29,363,,EMS_A_CN
Phone17,CN,2028-W29,78,,EMS_A_CN
Phone16,CN,2028-W30,739,,EMS_A_CN
Phone15,CN,2028-W30,358,,EMS_A_CN
Phone17,CN,2028-W30,104,,EMS_A_CN
Phone16,CN,2028-W31,736,,EMS_A_CN
Phone15,CN,2028-W31,354,,EMS_A_CN
Phone17,CN,2028-W31,130,,EMS_A_CN
Phone16,CN,2028-W32,733,,EMS_A_CN
Phone15,CN,2028-W32,349,,EMS_A_CN
Phone17,CN,2028-W32,156,,EMS_A_CN
Phone16,CN,2028-W33,730,,EMS_A_CN
Phone15,CN,2028-W33,344,,EMS_A_CN
Phone17,CN,2028-W33,181,,EMS_A_CN
Phone16,CN,2028-W34,727,,EMS_A_CN
Phone15,CN,2028-W34,340,,EMS_A_CN
Phone17,CN,2028-W34,207,,EMS_A_CN
Phone16,CN,2028-W35,725,,EMS_A_CN
Phone15,CN,2028-W35,335,,EMS_A_CN
Phone17,CN,2028-W35,233,,EMS_A_CN
Phone16,CN,2028-W36,722,,EMS_A_CN
Phone15,CN,2028-W36,330,,EMS_A_CN
Phone17,CN,2028-W36,259,,EMS_A_CN
Phone16,CN,2028-W37,719,,EMS_A_CN
Phone15,CN,2028-W37,325,,EMS_A_CN
Phone17,CN,2028-W37,285,,EMS_A_CN
Phone16,CN,2028-W38,716,,EMS_A_CN
Phone15,CN,2028-W38,321,,EMS_A_CN
Phone17,CN,2028-W38,311,,EMS_A_CN
Phone16,CN,2028-W39,713,,EMS_A_CN
Phone15,CN,2028-W39,316,,EMS_A_CN
Phone17,CN,2028-W39,337,,EMS_A_CN
Phone16,CN,2028-W40,710,,EMS_A_CN
Phone15,CN,2028-W40,311,,EMS_A_CN
Phone17,CN,2028-W40,363,,EMS_A_CN
Phone16,CN,2028-W41,708,,EMS_A_CN
Phone15,CN,2028-W41,307,,EMS_A_CN
Phone17,CN,2028-W41,389,,EMS_A_CN
Phone16,CN,2028-W42,705,,EMS_A_CN
Phone15,CN,2028-W42,302,,EMS_A_CN
Phone17,CN,2028-W42,415,,EMS_A_CN
Phone16,CN,2028-W43,702,,EMS_A_CN
Phone15,CN,2028-W43,297,,EMS_A_CN
Phone17,CN,2028-W43,441,,EMS_A_CN
Phone16,CN,2028-W44,699,,EMS_A_CN
Phone15,CN,2028-W44,292,,EMS_A_CN
Phone17,CN,2028-W44,467,,EMS_A_CN
Phone16,CN,2028-W45,696,,EMS_A_CN
Phone15,CN,2028-W45,288,,EMS_A_CN
Phone17,CN,2028-W45,493,,EMS_A_CN
Phone16,CN,2028-W46,693,,EMS_A_CN
Phone15,CN,2028-W46,283,,EMS_A_CN
Phone17,CN,2028-W46,519,,EMS_A_CN
Phone16,CN,2028-W47,691,,EMS_A_CN
Phone15,CN,2028-W47,278,,EMS_A_CN
Phone17,CN,2028-W47,544,,EMS_A_CN
Phone16,CN,2028-W48,688,,EMS_A_CN
Phone15,CN,2028-W48,274,,EMS_A_CN
Phone17,CN,2028-W48,570,,EMS_A_CN
Phone16,CN,2028-W49,685,,EMS_A_CN
Phone15,CN,2028-W49,269,,EMS_A_CN
Phone17,CN,2028-W49,596,,EMS_A_CN
Phone16,CN,2028-W50,682,,EMS_A_CN
Phone15,CN,2028-W50,264,,EMS_A_CN
Phone17,CN,2028-W50,622,,EMS_A_CN
Phone16,CN,2028-W51,679,,EMS_A_CN
Phone15,CN,2028-W51,259,,EMS_A_CN
Phone17,CN,2028-W51,648,,EMS_A_CN
Phone16,CN,2028-W52,676,,EMS_A_CN
Phone15,CN,2028-W52,255,,EMS_A_CN
Phone17,CN,2028-W52,674,,EMS_A_CN
Phone16,CN,2029-W01,674,,EMS_A_CN
Phone15,CN,2029-W01,247,,EMS_A_CN
Phone17,CN,2029-W01,715,,EMS_A_CN
Phone16,CN,2029-W02,671,,EMS_A_CN
Phone15,CN,2029-W02,244,,EMS_A_CN
Phone17,CN,2029-W02,730,,EMS_A_CN
Phone16,CN,2029-W03,668,,EMS_A_CN
Phone15,CN,2029-W03,242,,EMS_A_CN
Phone17,CN,2029-W03,744,,EMS_A_CN
Phone16,CN,2029-W04,665,,EMS_A_CN
Phone15,CN,2029-W04,239,,EMS_A_CN
Phone17,CN,2029-W04,759,,EMS_A_CN
Phone16,CN,2029-W05,662,,EMS_A_CN
Phone15,CN,2029-W05,236,,EMS_A_CN
Phone17,CN,2029-W05,774,,EMS_A_CN
Phone16,CN,2029-W06,659,,EMS_A_CN
Phone15,CN,2029-W06,233,,EMS_A_CN
Phone17,CN,2029-W06,789,,EMS_A_CN
Phone16,CN,2029-W07,657,,EMS_A_CN
Phone15,CN,2029-W07,230,,EMS_A_CN
Phone17,CN,2029-W07,804,,EMS_A_CN
Phone16,CN,2029-W08,654,,EMS_A_CN
Phone15,CN,2029-W08,227,,EMS_A_CN
Phone17,CN,2029-W08,819,,EMS_A_CN
Phone16,CN,2029-W09,651,,EMS_A_CN
Phone15,CN,2029-W09,225,,EMS_A_CN
Phone17,CN,2029-W09,833,,EMS_A_CN
Phone16,CN,2029-W10,648,,EMS_A_CN
Phone15,CN,2029-W10,222,,EMS_A_CN
Phone17,CN,2029-W10,848,,EMS_A_CN
Phone16,CN,2029-W11,645,,EMS_A_CN
Phone15,CN,2029-W11,219,,EMS_A_CN
Phone17,CN,2029-W11,863,,EMS_A_CN
Phone16,CN,2029-W12,642,,EMS_A_CN
Phone15,CN,2029-W12,216,,EMS_A_CN
Phone17,CN,2029-W12,878,,EMS_A_CN
Phone16,CN,2029-W13,640,,EMS_A_CN
Phone15,CN,2029-W13,213,,EMS_A_CN
Phone17,CN,2029-W13,893,,EMS_A_CN
Phone16,CN,2029-W14,637,,EMS_A_CN
Phone15,CN,2029-W14,210,,EMS_A_CN
Phone17,CN,2029-W14,907,,EMS_A_CN
Phone16,CN,2029-W15,634,,EMS_A_CN
Phone15,CN,2029-W15,208,,EMS_A_CN
Phone17,CN,2029-W15,922,,EMS_A_CN
Phone16,CN,2029-W16,631,,EMS_A_CN
Phone15,CN,2029-W16,205,,EMS_A_CN
Phone17,CN,2029-W16,937,,EMS_A_CN
Phone16,CN,2029-W17,628,,EMS_A_CN
Phone15,CN,2029-W17,202,,EMS_A_CN
Phone17,CN,2029-W17,952,,EMS_A_CN
Phone16,CN,2029-W18,625,,EMS_A_CN
Phone15,CN,2029-W18,199,,EMS_A_CN
Phone17,CN,2029-W18,967,,EMS_A_CN
Phone16,CN,2029-W19,623,,EMS_A_CN
Phone15,CN,2029-W19,196,,EMS_A_CN
Phone17,CN,2029-W19,981,,EMS_A_CN
Phone16,CN,2029-W20,620,,EMS_A_CN
Phone15,CN,2029-W20,193,,EMS_A_CN
Phone17,CN,2029-W20,996,,EMS_A_CN
Phone16,CN,2029-W21,617,,EMS_A_CN
Phone15,CN,2029-W21,191,,EMS_A_CN
Phone17,CN,2029-W21,1011,,EMS_A_CN
Phone16,CN,2029-W22,614,,EMS_A_CN
Phone15,CN,2029-W22,188,,EMS_A_CN
Phone17,CN,2029-W22,1026,,EMS_A_CN
Phone16,CN,2029-W23,611,,EMS_A_CN
Phone15,CN,2029-W23,185,,EMS_A_CN
Phone17,CN,2029-W23,1041,,EMS_A_CN
Phone16,CN,2029-W24,608,,EMS_A_CN
Phone15,CN,2029-W24,182,,EMS_A_CN
Phone17,CN,2029-W24,1056,,EMS_A_CN
Phone16,CN,2029-W25,606,,EMS_A_CN
Phone15,CN,2029-W25,179,,EMS_A_CN
Phone17,CN,2029-W25,1070,,EMS_A_CN
Phone16,CN,2029-W26,603,,EMS_A_CN
Phone15,CN,2029-W26,176,,EMS_A_CN
Phone17,CN,2029-W26,1085,,EMS_A_CN
Phone16,CN,2029-W27,593,,EMS_A_CN
Phone15,CN,2029-W27,174,,EMS_A_CN
Phone17,CN,2029-W27,1107,,EMS_A_CN
Phone16,CN,2029-W28,585,,EMS_A_CN
Phone15,CN,2029-W28,171,,EMS_A_CN
Phone17,CN,2029-W28,1115,,EMS_A_CN
Phone16,CN,2029-W29,578,,EMS_A_CN
Phone15,CN,2029-W29,168,,EMS_A_CN
Phone17,CN,2029-W29,1122,,EMS_A_CN
Phone16,CN,2029-W30,570,,EMS_A_CN
Phone15,CN,2029-W30,165,,EMS_A_CN
Phone17,CN,2029-W30,1130,,EMS_A_CN
Phone16,CN,2029-W31,563,,EMS_A_CN
Phone15,CN,2029-W31,162,,EMS_A_CN
Phone17,CN,2029-W31,1137,,EMS_A_CN
Phone16,CN,2029-W32,556,,EMS_A_CN
Phone15,CN,2029-W32,159,,EMS_A_CN
Phone17,CN,2029-W32,1144,,EMS_A_CN
Phone16,CN,2029-W33,548,,EMS_A_CN
Phone15,CN,2029-W33,157,,EMS_A_CN
Phone17,CN,2029-W33,1152,,EMS_A_CN
Phone16,CN,2029-W34,541,,EMS_A_CN
Phone15,CN,2029-W34,154,,EMS_A_CN
Phone17,CN,2029-W34,1159,,EMS_A_CN
Phone16,CN,2029-W35,533,,EMS_A_CN
Phone15,CN,2029-W35,151,,EMS_A_CN
Phone17,CN,2029-W35,1167,,EMS_A_CN
Phone16,CN,2029-W36,526,,EMS_A_CN
Phone15,CN,2029-W36,148,,EMS_A_CN
Phone17,CN,2029-W36,1174,,EMS_A_CN
Phone16,CN,2029-W37,519,,EMS_A_CN
Phone15,CN,2029-W37,145,,EMS_A_CN
Phone17,CN,2029-W37,1181,,EMS_A_CN
Phone16,CN,2029-W38,511,,EMS_A_CN
Phone15,CN,2029-W38,142,,EMS_A_CN
Phone17,CN,2029-W38,1189,,EMS_A_CN
Phone16,CN,2029-W39,504,,EMS_A_CN
Phone15,CN,2029-W39,140,,EMS_A_CN
Phone17,CN,2029-W39,1196,,EMS_A_CN
Phone16,CN,2029-W40,496,,EMS_A_CN
Phone15,CN,2029-W40,137,,EMS_A_CN
Phone17,CN,2029-W40,1204,,EMS_A_CN
Phone16,CN,2029-W41,489,,EMS_A_CN
Phone15,CN,2029-W41,134,,EMS_A_CN
Phone17,CN,2029-W41,1211,,EMS_A_CN
Phone16,CN,2029-W42,481,,EMS_A_CN
Phone15,CN,2029-W42,131,,EMS_A_CN
Phone17,CN,2029-W42,1219,,EMS_A_CN
Phone16,CN,2029-W43,474,,EMS_A_CN
Phone15,CN,2029-W43,128,,EMS_A_CN
Phone17,CN,2029-W43,1226,,EMS_A_CN
Phone16,CN,2029-W44,467,,EMS_A_CN
Phone15,CN,2029-W44,125,,EMS_A_CN
Phone17,CN,2029-W44,1233,,EMS_A_CN
Phone16,CN,2029-W45,459,,EMS_A_CN
Phone15,CN,2029-W45,123,,EMS_A_CN
Phone17,CN,2029-W45,1241,,EMS_A_CN
Phone16,CN,2029-W46,452,,EMS_A_CN
Phone15,CN,2029-W46,120,,EMS_A_CN
Phone17,CN,2029-W46,1248,,EMS_A_CN
Phone16,CN,2029-W47,444,,EMS_A_CN
Phone15,CN,2029-W47,117,,EMS_A_CN
Phone17,CN,2029-W47,1256,,EMS_A_CN
Phone16,CN,2029-W48,437,,EMS_A_CN
Phone15,CN,2029-W48,114,,EMS_A_CN
Phone17,CN,2029-W48,1263,,EMS_A_CN
Phone16,CN,2029-W49,430,,EMS_A_CN
Phone15,CN,2029-W49,111,,EMS_A_CN
Phone17,CN,2029-W49,1270,,EMS_A_CN
Phone16,CN,2029-W50,422,,EMS_A_CN
Phone15,CN,2029-W50,108,,EMS_A_CN
Phone17,CN,2029-W50,1278,,EMS_A_CN
Phone16,CN,2029-W51,415,,EMS_A_CN
Phone15,CN,2029-W51,106,,EMS_A_CN
Phone17,CN,2029-W51,1285,,EMS_A_CN
Phone16,CN,2029-W52,407,,EMS_A_CN
Phone15,CN,2029-W52,103,,EMS_A_CN
Phone17,CN,2029-W52,1293,,EMS_A_CN
