node_name,parent_node,product_name,node_type,side,lt_wks,region,ss_days,buffering_stock_flag,description,supply_role,bom_qty
SP_Phone16,,Phone16,supply_point,outbound,0,,0,0,Supply Point bridge OT/IN,,
DC_AMER,SP_Phone16,Phone16,dad,outbound,2,AMER,7,1,Americas Distribution Center (Los Angeles),,
Retail_AMER,DC_AMER,Phone16,leaf_out,outbound,1,AMER,7,0,Americas Retail / Online Sales,,
DC_EMEA,SP_Phone16,Phone16,dad,outbound,3,EMEA,7,1,EMEA Distribution Center (Amsterdam),,
Retail_EMEA,DC_EMEA,Phone16,leaf_out,outbound,1,EMEA,7,0,EMEA Retail / Online Sales,,
DC_APAC,SP_Phone16,Phone16,dad,outbound,2,APAC,7,1,APAC Distribution Center (Singapore),,
Retail_APAC,DC_APAC,Phone16,leaf_out,outbound,1,APAC,7,0,APAC Retail / Online Sales,,
EMS_A_CN,,Phone16,mom,inbound,4,CN,7,0,Final Assembly — EMS_A Zhengzhou (EMEA/APAC),,
Foundry_A_TW,EMS_A_CN,Phone16,mom,inbound,6,TW,7,0,Phone16 SoC Wafer Fabrication — Foundry_A Taiwan,,
SiliconWafer_TW,Foundry_A_TW,Phone16,leaf_in,inbound,2,TW,0,0,Silicon Wafer (raw material),,
EMS_A_IN,,Phone16,mom,inbound,5,IN,7,0,Final Assembly — EMS_A Pune (AMER dedicated),,
Sensor_A_IN,EMS_A_IN,Phone16,leaf_in,inbound,3,IN,0,0,Sensors & Modules (India sourcing),,
SP_Phone15,,Phone15,supply_point,outbound,0,,0,0,Supply Point bridge OT/IN,,
DC_AMER_i15,SP_Phone15,Phone15,dad,outbound,2,AMER,7,1,Americas DC — Phone15,,
Retail_AMER_i15,DC_AMER_i15,Phone15,leaf_out,outbound,1,AMER,7,0,Americas Retail — Phone15,,
DC_EMEA_i15,SP_Phone15,Phone15,dad,outbound,3,EMEA,7,1,EMEA DC — Phone15,,
Retail_EMEA_i15,DC_EMEA_i15,Phone15,leaf_out,outbound,1,EMEA,7,0,EMEA Retail — Phone15,,
DC_APAC_i15,SP_Phone15,Phone15,dad,outbound,2,APAC,7,1,APAC DC — Phone15,,
Retail_APAC_i15,DC_APAC_i15,Phone15,leaf_out,outbound,1,APAC,7,0,APAC Retail — Phone15,,
EMS_A_CN_i15,,Phone15,mom,inbound,4,CN,7,0,Final Assembly — EMS_A (Phone15 line),,
Foundry_A_TW_i15,EMS_A_CN_i15,Phone15,mom,inbound,8,TW,7,0,Phone15 SoC Wafer Fab — Foundry_A,,
SiliconWafer_TW_i15,Foundry_A_TW_i15,Phone15,leaf_in,inbound,2,TW,0,0,Silicon Wafer (Phone15),,
SP_Phone17,,Phone17,supply_point,outbound,0,,0,0,Supply Point bridge OT/IN,,
DC_AMER_i17,SP_Phone17,Phone17,dad,outbound,2,AMER,7,1,Americas DC — Phone17,,
Retail_AMER_i17,DC_AMER_i17,Phone17,leaf_out,outbound,1,AMER,7,0,Americas Retail — Phone17,,
DC_EMEA_i17,SP_Phone17,Phone17,dad,outbound,3,EMEA,7,1,EMEA DC — Phone17,,
Retail_EMEA_i17,DC_EMEA_i17,Phone17,leaf_out,outbound,1,EMEA,7,0,EMEA Retail — Phone17,,
DC_APAC_i17,SP_Phone17,Phone17,dad,outbound,2,APAC,7,1,APAC DC — Phone17,,
Retail_APAC_i17,DC_APAC_i17,Phone17,leaf_out,outbound,1,APAC,7,0,APAC Retail — Phone17,,
EMS_A_CN_i17,,Phone17,mom,inbound,4,CN,7,0,Final Assembly — EMS_A (Phone17 line),,
Foundry_A_TW_i17,EMS_A_CN_i17,Phone17,mom,inbound,5,TW,7,0,Phone17 SoC Wafer Fab — Foundry_A,,
SiliconWafer_TW_i17,Foundry_A_TW_i17,Phone17,leaf_in,inbound,2,TW,0,0,Silicon Wafer (Phone17),,
