model,mode,lc_scenario,units_old,units_new,freight_old,freight_new,assembly_old,assembly_new,revenue,cogs,customs_duty,landed_gm_money_old,landed_gm_money_new,lc_other_columns_identical,money_other_columns_identical
Cookie-jp-2026,identity,Base,362910.0,141990.0,225185655.0,88104795.0,0.0,0.0,4259700000.0,2603010000.0,195225750.0,0.2902,0.3224,True,True
Cookie-jp-2026,identity,YenWeak,362910.0,141990.0,248321168.0,97156658.0,0.0,0.0,4259700000.0,2603010000.0,195225750.0,0.2848,0.3203,True,True
Cookie-jp-2026,identity,TariffUp,362910.0,141990.0,225185655.0,88104795.0,0.0,0.0,4259700000.0,2603010000.0,325376250.0,0.2597,0.2919,True,True
Cookie-jp-2026,identity,FreightUp,362910.0,141990.0,410632665.0,160661685.0,0.0,0.0,4259700000.0,2603010000.0,195225750.0,0.2467,0.3054,True,True
Cookie-jp-2026,identity,YenStrong,362910.0,141990.0,186626468.0,73018358.0,0.0,0.0,4259700000.0,2603010000.0,195225750.0,0.2993,0.3259,True,True
Cookie-jp-2026,legacy,Base,362910.0,141990.0,225185655.0,88104795.0,0.0,0.0,4259700000.0,2603010000.0,195225750.0,0.2902,0.3224,True,True
Cookie-jp-2026,legacy,YenWeak,362910.0,141990.0,248321168.0,97156658.0,0.0,0.0,4259700000.0,2603010000.0,195225750.0,0.2848,0.3203,True,True
Cookie-jp-2026,legacy,TariffUp,362910.0,141990.0,225185655.0,88104795.0,0.0,0.0,4259700000.0,2603010000.0,325376250.0,0.2597,0.2919,True,True
Cookie-jp-2026,legacy,FreightUp,362910.0,141990.0,410632665.0,160661685.0,0.0,0.0,4259700000.0,2603010000.0,195225750.0,0.2467,0.3054,True,True
Cookie-jp-2026,legacy,YenStrong,362910.0,141990.0,186626468.0,73018358.0,0.0,0.0,4259700000.0,2603010000.0,195225750.0,0.2993,0.3259,True,True
apparel-global-2028-2029,identity,Base,544578.0,181526.0,3812046.0,1270682.0,0.0,0.0,10367012.0,4023675.0,316864.0,0.2136,0.4587,True,True
apparel-global-2028-2029,identity,TariffEscalation2028,544578.0,181526.0,3812046.0,1270682.0,0.0,0.0,10367012.0,4023675.0,462723.0,0.1995,0.4447,True,True
apparel-global-2028-2029,identity,TariffRelief2029,544578.0,181526.0,3812046.0,1270682.0,0.0,0.0,10367012.0,4023675.0,352072.0,0.2102,0.4553,True,True
apparel-global-2028-2029,legacy,Base,544578.0,181526.0,3812046.0,1270682.0,0.0,0.0,10367012.0,4023675.0,316864.0,0.2136,0.4587,True,True
apparel-global-2028-2029,legacy,TariffEscalation2028,544578.0,181526.0,3812046.0,1270682.0,0.0,0.0,10367012.0,4023675.0,462723.0,0.1995,0.4447,True,True
apparel-global-2028-2029,legacy,TariffRelief2029,544578.0,181526.0,3812046.0,1270682.0,0.0,0.0,10367012.0,4023675.0,352072.0,0.2102,0.4553,True,True
apparel-us-2026,identity,Base,498344.0,249172.0,2940230.0,1470115.0,0.0,0.0,12209428.0,4485096.0,553909.0,0.3465,0.4669,True,True
apparel-us-2026,identity,TariffShock2025,498344.0,249172.0,2940230.0,1470115.0,0.0,0.0,12209428.0,4485096.0,897019.0,0.3184,0.4388,True,True
apparel-us-2026,identity,TariffRelief2026,498344.0,249172.0,2940230.0,1470115.0,0.0,0.0,12209428.0,4485096.0,710888.0,0.3336,0.454,True,True
apparel-us-2026,legacy,Base,498344.0,249172.0,2940230.0,1470115.0,0.0,0.0,12209428.0,4485096.0,553909.0,0.3465,0.4669,True,True
apparel-us-2026,legacy,TariffShock2025,498344.0,249172.0,2940230.0,1470115.0,0.0,0.0,12209428.0,4485096.0,897019.0,0.3184,0.4388,True,True
apparel-us-2026,legacy,TariffRelief2026,498344.0,249172.0,2940230.0,1470115.0,0.0,0.0,12209428.0,4485096.0,710888.0,0.3336,0.454,True,True
bom-test-2026,identity,Base,200.0,100.0,0.0,0.0,0.0,0.0,3200000.0,2000000.0,0.0,0.375,0.375,True,True
bom-test-2026,legacy,Base,200.0,100.0,0.0,0.0,0.0,0.0,3200000.0,2000000.0,0.0,0.375,0.375,True,True
ev-europe-2026,identity,Base,106280.0,53140.0,17580040.0,8790020.0,0.0,0.0,2221262000.0,1044666100.0,41786644.0,0.503,0.5069,True,True
ev-europe-2026,identity,EUpref,106280.0,53140.0,17580040.0,8790020.0,0.0,0.0,2221262000.0,1044666100.0,10446661.0,0.5171,0.521,True,True
ev-europe-2026,identity,LocalContent,106280.0,53140.0,17580040.0,8790020.0,0.0,0.0,2221262000.0,1044666100.0,10446661.0,0.5171,0.521,True,True
ev-europe-2026,identity,LevyRestore,106280.0,53140.0,17580040.0,8790020.0,0.0,0.0,2221262000.0,1044666100.0,41786644.0,0.503,0.5069,True,True
ev-europe-2026,identity,FreightUp,106280.0,53140.0,25570968.0,12785484.0,0.0,0.0,2221262000.0,1044666100.0,41786644.0,0.4994,0.5051,True,True
ev-europe-2026,legacy,Base,106280.0,53140.0,17580040.0,8790020.0,0.0,0.0,2221262000.0,1044666100.0,41786644.0,0.503,0.5069,True,True
ev-europe-2026,legacy,EUpref,106280.0,53140.0,17580040.0,8790020.0,0.0,0.0,2221262000.0,1044666100.0,10446661.0,0.5171,0.521,True,True
ev-europe-2026,legacy,LocalContent,106280.0,53140.0,17580040.0,8790020.0,0.0,0.0,2221262000.0,1044666100.0,10446661.0,0.5171,0.521,True,True
ev-europe-2026,legacy,LevyRestore,106280.0,53140.0,17580040.0,8790020.0,0.0,0.0,2221262000.0,1044666100.0,41786644.0,0.503,0.5069,True,True
ev-europe-2026,legacy,FreightUp,106280.0,53140.0,25570968.0,12785484.0,0.0,0.0,2221262000.0,1044666100.0,41786644.0,0.4994,0.5051,True,True
ev-thailand-2026,identity,Base,126480.0,63240.0,1309068000.0,654534000.0,0.0,0.0,75086960000.0,51119000000.0,2044760000.0,0.2745,0.2833,True,True
ev-thailand-2026,identity,EV30,126480.0,63240.0,1309068000.0,654534000.0,0.0,0.0,75086960000.0,51119000000.0,511190000.0,0.295,0.3037,True,True
ev-thailand-2026,identity,EV35,126480.0,63240.0,1309068000.0,654534000.0,0.0,0.0,75086960000.0,51119000000.0,511190000.0,0.295,0.3037,True,True
ev-thailand-2026,identity,TariffRestore,126480.0,63240.0,1309068000.0,654534000.0,0.0,0.0,75086960000.0,51119000000.0,2044760000.0,0.2745,0.2833,True,True
ev-thailand-2026,identity,SubsidyEnd,126480.0,63240.0,1309068000.0,654534000.0,0.0,0.0,75086960000.0,51119000000.0,511190000.0,0.295,0.3037,True,True
ev-thailand-2026,legacy,Base,126480.0,63240.0,1309068000.0,654534000.0,0.0,0.0,75086960000.0,51119000000.0,2044760000.0,0.2745,0.2833,True,True
ev-thailand-2026,legacy,EV30,126480.0,63240.0,1309068000.0,654534000.0,0.0,0.0,75086960000.0,51119000000.0,511190000.0,0.295,0.3037,True,True
ev-thailand-2026,legacy,EV35,126480.0,63240.0,1309068000.0,654534000.0,0.0,0.0,75086960000.0,51119000000.0,511190000.0,0.295,0.3037,True,True
ev-thailand-2026,legacy,TariffRestore,126480.0,63240.0,1309068000.0,654534000.0,0.0,0.0,75086960000.0,51119000000.0,2044760000.0,0.2745,0.2833,True,True
ev-thailand-2026,legacy,SubsidyEnd,126480.0,63240.0,1309068000.0,654534000.0,0.0,0.0,75086960000.0,51119000000.0,511190000.0,0.295,0.3037,True,True
iphone_global,identity,Base,828180.0,414090.0,30794493.0,15397247.0,0.0,0.0,416331210.0,183688370.0,0.0,0.4848,0.5218,True,True
iphone_global,identity,TrumpTariff,828180.0,414090.0,30794493.0,15397247.0,0.0,0.0,416331210.0,183688370.0,15307364.0,0.4481,0.485,True,True
iphone_global,identity,KD_Parts,828180.0,414090.0,38827839.0,19413920.0,0.0,0.0,416331210.0,183688370.0,1530736.0,0.4619,0.5085,True,True
iphone_global,identity,CNtoAPAC,828180.0,414090.0,30794493.0,15397247.0,0.0,0.0,416331210.0,183688370.0,15307364.0,0.4481,0.485,True,True
iphone_global,legacy,Base,941848.0,470924.0,35021048.0,17510524.0,0.0,0.0,463544276.0,206007560.0,0.0,0.48,0.5178,True,True
iphone_global,legacy,TrumpTariff,941848.0,470924.0,35021048.0,17510524.0,0.0,0.0,463544276.0,206007560.0,17167297.0,0.443,0.4808,True,True
iphone_global,legacy,KD_Parts,941848.0,470924.0,44156974.0,22078487.0,0.0,0.0,463544276.0,206007560.0,1716730.0,0.4566,0.5042,True,True
iphone_global,legacy,CNtoAPAC,941848.0,470924.0,35021048.0,17510524.0,0.0,0.0,463544276.0,206007560.0,17167297.0,0.443,0.4808,True,True
oil-global-2027,identity,Base,382058.0,191029.0,240335707.0,120167854.0,0.0,0.0,1542260157490.0,50503639276.0,420863661.0,0.9668,0.9669,True,True
oil-global-2027,identity,StraitRisk,382058.0,191029.0,504794132.0,252397066.0,0.0,0.0,1542260157490.0,50503639276.0,757554589.0,0.9664,0.9666,True,True
oil-global-2027,identity,StrikeRisk,382058.0,191029.0,4034532.0,2017266.0,0.0,0.0,1542260157490.0,50503639276.0,505036393.0,0.9669,0.9669,True,True
oil-global-2027,identity,HurricaneRisk,382058.0,191029.0,229234800.0,114617400.0,0.0,0.0,1542260157490.0,50503639276.0,0.0,0.9671,0.9672,True,True
oil-global-2027,legacy,Base,382116.0,191058.0,240372193.0,120186096.0,0.0,0.0,1620890157490.0,52829110967.0,440242591.0,0.967,0.9671,True,True
oil-global-2027,legacy,StraitRisk,382116.0,191058.0,504870765.0,252435382.0,0.0,0.0,1620890157490.0,52829110967.0,792436665.0,0.9666,0.9668,True,True
oil-global-2027,legacy,StrikeRisk,382116.0,191058.0,4035145.0,2017572.0,0.0,0.0,1620890157490.0,52829110967.0,528291110.0,0.9671,0.9671,True,True
oil-global-2027,legacy,HurricaneRisk,382116.0,191058.0,229269600.0,114634800.0,0.0,0.0,1620890157490.0,52829110967.0,0.0,0.9673,0.9673,True,True
rice-japan-2027-2028,identity,Base,627802.0,142914.0,41591882500.0,9468052500.0,0.0,0.0,437789600000.0,244813800000.0,0.0,0.3458,0.4192,True,True
rice-japan-2027-2028,identity,FreightUp,627802.0,142914.0,54069447250.0,12308468250.0,0.0,0.0,437789600000.0,244813800000.0,0.0,0.3173,0.4127,True,True
rice-japan-2027-2028,identity,DriverShortage,627802.0,142914.0,49910259000.0,11361663000.0,0.0,0.0,437789600000.0,244813800000.0,0.0,0.3268,0.4148,True,True
rice-japan-2027-2028,legacy,Base,928819.0,235316.0,61534258750.0,15589685000.0,0.0,0.0,725656000000.0,407299500000.0,0.0,0.3539,0.4172,True,True
rice-japan-2027-2028,legacy,FreightUp,928819.0,235316.0,79994536375.0,20266590500.0,0.0,0.0,725656000000.0,407299500000.0,0.0,0.3285,0.4108,True,True
rice-japan-2027-2028,legacy,DriverShortage,928819.0,235316.0,73841110500.0,18707622000.0,0.0,0.0,725656000000.0,407299500000.0,0.0,0.337,0.4129,True,True
smartx-2027-2029,identity,Base,1419622.0,709811.0,57241821.0,28620910.0,0.0,0.0,702250439.0,311776660.0,0.0,0.4745,0.5153,True,True
smartx-2027-2029,identity,TrumpTariff,1419622.0,709811.0,57241821.0,28620910.0,0.0,0.0,702250439.0,311776660.0,38972082.0,0.419,0.4598,True,True
smartx-2027-2029,identity,KD_Parts,1419622.0,709811.0,78057028.0,39028514.0,0.0,0.0,702250439.0,311776660.0,3897208.0,0.4393,0.4949,True,True
smartx-2027-2029,identity,CNtoAPAC,1419622.0,709811.0,57241821.0,28620910.0,0.0,0.0,702250439.0,311776660.0,38972082.0,0.419,0.4598,True,True
smartx-2027-2029,legacy,Base,1419622.0,709811.0,57241821.0,28620910.0,0.0,0.0,702250439.0,311776660.0,0.0,0.4745,0.5153,True,True
smartx-2027-2029,legacy,TrumpTariff,1419622.0,709811.0,57241821.0,28620910.0,0.0,0.0,702250439.0,311776660.0,38972082.0,0.419,0.4598,True,True
smartx-2027-2029,legacy,KD_Parts,1419622.0,709811.0,78057028.0,39028514.0,0.0,0.0,702250439.0,311776660.0,3897208.0,0.4393,0.4949,True,True
smartx-2027-2029,legacy,CNtoAPAC,1419622.0,709811.0,57241821.0,28620910.0,0.0,0.0,702250439.0,311776660.0,38972082.0,0.419,0.4598,True,True
soysauce-eu-2027,identity,Base,301503.0,100501.0,473360.0,157787.0,0.0,0.0,3621055.0,1608016.0,117385.0,0.3928,0.4799,True,True
soysauce-eu-2027,identity,Tariff10,301503.0,100501.0,473360.0,157787.0,0.0,0.0,3621055.0,1608016.0,109345.0,0.395,0.4822,True,True
soysauce-eu-2027,identity,Tariff0,301503.0,100501.0,473360.0,157787.0,0.0,0.0,3621055.0,1608016.0,77185.0,0.4039,0.491,True,True
soysauce-eu-2027,legacy,Base,301503.0,100501.0,473360.0,157787.0,0.0,0.0,3621055.0,1608016.0,117385.0,0.3928,0.4799,True,True
soysauce-eu-2027,legacy,Tariff10,301503.0,100501.0,473360.0,157787.0,0.0,0.0,3621055.0,1608016.0,109345.0,0.395,0.4822,True,True
soysauce-eu-2027,legacy,Tariff0,301503.0,100501.0,473360.0,157787.0,0.0,0.0,3621055.0,1608016.0,77185.0,0.4039,0.491,True,True
soysauce-jpy-2027,identity,Base,301503.0,100501.0,473360.0,157787.0,0.0,0.0,543369300.0,241202400.0,17607775.0,0.5228,0.5234,True,True
soysauce-jpy-2027,identity,Tariff10,301503.0,100501.0,473360.0,157787.0,0.0,0.0,543369300.0,241202400.0,16401763.0,0.525,0.5256,True,True
soysauce-jpy-2027,identity,Tariff0,301503.0,100501.0,473360.0,157787.0,0.0,0.0,543369300.0,241202400.0,11577715.0,0.5339,0.5345,True,True
soysauce-jpy-2027,legacy,Base,301503.0,100501.0,473360.0,157787.0,0.0,0.0,543369300.0,241202400.0,17607775.0,0.5228,0.5234,True,True
soysauce-jpy-2027,legacy,Tariff10,301503.0,100501.0,473360.0,157787.0,0.0,0.0,543369300.0,241202400.0,16401763.0,0.525,0.5256,True,True
soysauce-jpy-2027,legacy,Tariff0,301503.0,100501.0,473360.0,157787.0,0.0,0.0,543369300.0,241202400.0,11577715.0,0.5339,0.5345,True,True
soysauce-us-2027,identity,Base,301500.0,100500.0,473355.0,157785.0,0.0,0.0,3585840.0,1608000.0,117384.0,0.3868,0.4748,True,True
soysauce-us-2027,identity,Tariff10,301500.0,100500.0,473355.0,157785.0,0.0,0.0,3585840.0,1608000.0,109344.0,0.3891,0.4771,True,True
soysauce-us-2027,identity,Tariff0,301500.0,100500.0,473355.0,157785.0,0.0,0.0,3585840.0,1608000.0,77184.0,0.398,0.486,True,True
soysauce-us-2027,legacy,Base,301500.0,100500.0,473355.0,157785.0,0.0,0.0,3585840.0,1608000.0,117384.0,0.3868,0.4748,True,True
soysauce-us-2027,legacy,Tariff10,301500.0,100500.0,473355.0,157785.0,0.0,0.0,3585840.0,1608000.0,109344.0,0.3891,0.4771,True,True
soysauce-us-2027,legacy,Tariff0,301500.0,100500.0,473355.0,157785.0,0.0,0.0,3585840.0,1608000.0,77184.0,0.398,0.486,True,True
ev-thailand-2026_update,identity,Base,126480.0,63240.0,1309068000.0,654534000.0,0.0,0.0,75086960000.0,51119000000.0,2044760000.0,0.2745,0.2833,True,True
ev-thailand-2026_update,identity,EV30,126480.0,63240.0,1309068000.0,654534000.0,0.0,0.0,75086960000.0,51119000000.0,511190000.0,0.295,0.3037,True,True
ev-thailand-2026_update,identity,EV35,126480.0,63240.0,1309068000.0,654534000.0,0.0,0.0,75086960000.0,51119000000.0,511190000.0,0.295,0.3037,True,True
ev-thailand-2026_update,identity,TariffRestore,126480.0,63240.0,1309068000.0,654534000.0,0.0,0.0,75086960000.0,51119000000.0,2044760000.0,0.2745,0.2833,True,True
ev-thailand-2026_update,identity,SubsidyEnd,126480.0,63240.0,1309068000.0,654534000.0,0.0,0.0,75086960000.0,51119000000.0,511190000.0,0.295,0.3037,True,True
ev-thailand-2026_update,legacy,Base,126480.0,63240.0,1309068000.0,654534000.0,0.0,0.0,75086960000.0,51119000000.0,2044760000.0,0.2745,0.2833,True,True
ev-thailand-2026_update,legacy,EV30,126480.0,63240.0,1309068000.0,654534000.0,0.0,0.0,75086960000.0,51119000000.0,511190000.0,0.295,0.3037,True,True
ev-thailand-2026_update,legacy,EV35,126480.0,63240.0,1309068000.0,654534000.0,0.0,0.0,75086960000.0,51119000000.0,511190000.0,0.295,0.3037,True,True
ev-thailand-2026_update,legacy,TariffRestore,126480.0,63240.0,1309068000.0,654534000.0,0.0,0.0,75086960000.0,51119000000.0,2044760000.0,0.2745,0.2833,True,True
ev-thailand-2026_update,legacy,SubsidyEnd,126480.0,63240.0,1309068000.0,654534000.0,0.0,0.0,75086960000.0,51119000000.0,511190000.0,0.295,0.3037,True,True
soysauce-jpy-2027-alloc,identity,Base,225873.0,75291.0,354621.0,118207.0,0.0,0.0,390424740.0,180698400.0,13190983.0,0.5025,0.5031,True,True
soysauce-jpy-2027-alloc,identity,Tariff10,225873.0,75291.0,354621.0,118207.0,0.0,0.0,390424740.0,180698400.0,12287491.0,0.5048,0.5054,True,True
soysauce-jpy-2027-alloc,identity,Tariff0,225873.0,75291.0,354621.0,118207.0,0.0,0.0,390424740.0,180698400.0,8673523.0,0.5141,0.5147,True,True
soysauce-jpy-2027-alloc,legacy,Base,301503.0,100501.0,473360.0,157787.0,0.0,0.0,543369300.0,241202400.0,17607775.0,0.5228,0.5234,True,True
soysauce-jpy-2027-alloc,legacy,Tariff10,301503.0,100501.0,473360.0,157787.0,0.0,0.0,543369300.0,241202400.0,16401763.0,0.525,0.5256,True,True
soysauce-jpy-2027-alloc,legacy,Tariff0,301503.0,100501.0,473360.0,157787.0,0.0,0.0,543369300.0,241202400.0,11577715.0,0.5339,0.5345,True,True
