snapshot,node,layer,bucket,intervals,lots,occurrences,psi_occurrences,elapsed_ms,result,diff_runs,diff_example
Koshihikari/pre_backward,Retail_KANTO,demand,S,73009,73009,73009,73009,1094.1,match,0,
Koshihikari/pre_backward,Retail_TOHOKU,demand,S,45554,45554,45554,45554,370.0,match,0,
Koshihikari/pre_backward,Retail_KANSAI,demand,S,45554,45554,45554,45554,311.4,match,0,
Koshihikari/pre_backward,Retail_KYUSHU,demand,S,18216,18216,18216,18216,93.6,match,0,
Koshihikari/post_backward,SP_Kome,demand,S,176467,176467,176467,176467,2165.3,match,0,
Koshihikari/post_backward,SP_Kome,demand,P,176467,176467,176467,176467,1601.5,match,0,
Koshihikari/post_backward,Genmai_Souko_Niigata,demand,S,177715,177715,177715,177715,1588.2,match,0,
Koshihikari/post_backward,Genmai_Souko_Niigata,demand,P,177715,177715,177715,177715,1594.2,match,0,
Koshihikari/post_backward,Seihaku_E,demand,S,116629,116629,116629,116629,1202.0,match,0,
Koshihikari/post_backward,Seihaku_E,demand,P,116629,116629,116629,116629,997.6,match,0,
Koshihikari/post_backward,DC_Higashi,demand,S,117440,117440,117440,117440,1454.2,match,0,
Koshihikari/post_backward,DC_Higashi,demand,P,117440,117440,117440,117440,953.6,match,0,
Koshihikari/post_backward,Retail_KANTO,demand,S,73009,73009,73009,73009,717.3,match,0,
Koshihikari/post_backward,Retail_KANTO,demand,P,73009,73009,73009,73009,626.7,match,0,
Koshihikari/post_backward,Retail_TOHOKU,demand,S,45554,45554,45554,45554,491.7,match,0,
Koshihikari/post_backward,Retail_TOHOKU,demand,P,45554,45554,45554,45554,337.4,match,0,
Koshihikari/post_backward,Seihaku_W,demand,S,62771,62771,62771,62771,444.3,match,0,
Koshihikari/post_backward,Seihaku_W,demand,P,62771,62771,62771,62771,584.3,match,0,
Koshihikari/post_backward,DC_Nishi,demand,S,63208,63208,63208,63208,536.0,match,0,
Koshihikari/post_backward,DC_Nishi,demand,P,63208,63208,63208,63208,471.7,match,0,
Koshihikari/post_backward,Retail_KANSAI,demand,S,45554,45554,45554,45554,351.2,match,0,
Koshihikari/post_backward,Retail_KANSAI,demand,P,45554,45554,45554,45554,425.5,match,0,
Koshihikari/post_backward,Retail_KYUSHU,demand,S,18216,18216,18216,18216,87.1,match,0,
Koshihikari/post_backward,Retail_KYUSHU,demand,P,18216,18216,18216,18216,96.0,match,0,
Koshihikari/post_backward,Sanchiku_Niigata,demand,S,176467,176467,176467,176467,2388.2,match,0,
Koshihikari/post_backward,Tanbo_Niigata,demand,S,175219,175219,175219,175219,2132.4,match,0,
Koshihikari/post_backward,Tanbo_Niigata,demand,P,175219,175219,175219,175219,1753.5,match,0,
Koshihikari/post_backward_hooks,SP_Kome,demand,S,101614,101614,101614,101614,957.1,match,0,
Koshihikari/post_backward_hooks,SP_Kome,demand,P,101614,101614,101614,101614,808.5,match,0,
Koshihikari/post_backward_hooks,Genmai_Souko_Niigata,demand,S,101614,101614,101614,101614,822.5,match,0,
Koshihikari/post_backward_hooks,Genmai_Souko_Niigata,demand,P,101614,101614,101614,101614,810.0,match,0,
Koshihikari/post_backward_hooks,Seihaku_E,demand,S,66657,66657,66657,66657,561.9,match,0,
Koshihikari/post_backward_hooks,Seihaku_E,demand,P,66657,66657,66657,66657,577.9,match,0,
Koshihikari/post_backward_hooks,DC_Higashi,demand,S,66657,66657,66657,66657,439.4,match,0,
Koshihikari/post_backward_hooks,DC_Higashi,demand,P,66657,66657,66657,66657,530.1,match,0,
Koshihikari/post_backward_hooks,Retail_KANTO,demand,S,73009,73009,73009,73009,563.7,match,0,
Koshihikari/post_backward_hooks,Retail_KANTO,demand,P,73009,73009,73009,73009,568.7,match,0,
Koshihikari/post_backward_hooks,Retail_TOHOKU,demand,S,45554,45554,45554,45554,444.1,match,0,
Koshihikari/post_backward_hooks,Retail_TOHOKU,demand,P,45554,45554,45554,45554,264.2,match,0,
Koshihikari/post_backward_hooks,Seihaku_W,demand,S,34957,34957,34957,34957,308.0,match,0,
Koshihikari/post_backward_hooks,Seihaku_W,demand,P,34957,34957,34957,34957,198.1,match,0,
Koshihikari/post_backward_hooks,DC_Nishi,demand,S,34957,34957,34957,34957,341.5,match,0,
Koshihikari/post_backward_hooks,DC_Nishi,demand,P,34957,34957,34957,34957,180.2,match,0,
Koshihikari/post_backward_hooks,Retail_KANSAI,demand,S,45554,45554,45554,45554,374.1,match,0,
Koshihikari/post_backward_hooks,Retail_KANSAI,demand,P,45554,45554,45554,45554,260.7,match,0,
Koshihikari/post_backward_hooks,Retail_KYUSHU,demand,S,18216,18216,18216,18216,312.9,match,0,
Koshihikari/post_backward_hooks,Retail_KYUSHU,demand,P,18216,18216,18216,18216,106.0,match,0,
Koshihikari/post_backward_hooks,Sanchiku_Niigata,demand,S,101614,101614,101614,101614,838.3,match,0,
Koshihikari/post_backward_hooks,Sanchiku_Niigata,demand,P,101614,101614,101614,101614,828.2,match,0,
Koshihikari/post_backward_hooks,Tanbo_Niigata,demand,S,101614,101614,101614,101614,976.2,match,0,
Koshihikari/post_backward_hooks,Tanbo_Niigata,demand,P,101614,101614,101614,101614,828.2,match,0,
Koshihikari/post_copy,SP_Kome,supply,S,101614,101614,101614,101614,838.6,match,0,
Koshihikari/post_copy,SP_Kome,supply,P,101614,101614,101614,101614,933.0,match,0,
Koshihikari/post_copy,Genmai_Souko_Niigata,supply,S,101614,101614,101614,101614,1194.3,match,0,
Koshihikari/post_copy,Genmai_Souko_Niigata,supply,P,101614,101614,101614,101614,951.1,match,0,
Koshihikari/post_copy,Seihaku_E,supply,S,66657,66657,66657,66657,543.7,match,0,
Koshihikari/post_copy,Seihaku_E,supply,P,66657,66657,66657,66657,599.9,match,0,
Koshihikari/post_copy,DC_Higashi,supply,S,66657,66657,66657,66657,554.4,match,0,
Koshihikari/post_copy,DC_Higashi,supply,P,66657,66657,66657,66657,583.1,match,0,
Koshihikari/post_copy,Retail_KANTO,supply,S,73009,73009,73009,73009,612.8,match,0,
Koshihikari/post_copy,Retail_KANTO,supply,P,73009,73009,73009,73009,663.8,match,0,
Koshihikari/post_copy,Retail_TOHOKU,supply,S,45554,45554,45554,45554,430.3,match,0,
Koshihikari/post_copy,Retail_TOHOKU,supply,P,45554,45554,45554,45554,416.2,match,0,
Koshihikari/post_copy,Seihaku_W,supply,S,34957,34957,34957,34957,385.9,match,0,
Koshihikari/post_copy,Seihaku_W,supply,P,34957,34957,34957,34957,298.4,match,0,
Koshihikari/post_copy,DC_Nishi,supply,S,34957,34957,34957,34957,189.1,match,0,
Koshihikari/post_copy,DC_Nishi,supply,P,34957,34957,34957,34957,332.2,match,0,
Koshihikari/post_copy,Retail_KANSAI,supply,S,45554,45554,45554,45554,471.4,match,0,
Koshihikari/post_copy,Retail_KANSAI,supply,P,45554,45554,45554,45554,273.4,match,0,
Koshihikari/post_copy,Retail_KYUSHU,supply,S,18216,18216,18216,18216,90.2,match,0,
Koshihikari/post_copy,Retail_KYUSHU,supply,P,18216,18216,18216,18216,246.6,match,0,
Koshihikari/post_copy,Sanchiku_Niigata,supply,S,101614,101614,101614,101614,864.4,match,0,
Koshihikari/post_copy,Sanchiku_Niigata,supply,P,101614,101614,101614,101614,861.8,match,0,
Koshihikari/post_copy,Tanbo_Niigata,supply,S,101614,101614,101614,101614,821.4,match,0,
Koshihikari/post_copy,Tanbo_Niigata,supply,P,101614,101614,101614,101614,1038.1,match,0,
Yumepirika/pre_backward,Retail_KANTO,demand,S,13633,13633,13633,13633,83.3,match,0,
Yumepirika/pre_backward,Retail_TOHOKU,demand,S,10948,10948,10948,10948,72.4,match,0,
Yumepirika/pre_backward,Retail_KANSAI,demand,S,21807,21807,21807,21807,119.0,match,0,
Yumepirika/pre_backward,Retail_KYUSHU,demand,S,8216,8216,8216,8216,44.5,match,0,
Yumepirika/post_backward,SP_Kome,demand,S,52030,52030,52030,52030,669.6,match,0,
Yumepirika/post_backward,SP_Kome,demand,P,52030,52030,52030,52030,356.7,match,0,
Yumepirika/post_backward,Genmai_Souko_Hokkaido,demand,S,52776,52776,52776,52776,760.7,match,0,
Yumepirika/post_backward,Genmai_Souko_Hokkaido,demand,P,52776,52776,52776,52776,742.6,match,0,
Yumepirika/post_backward,Seihaku_E,demand,S,24170,24170,24170,24170,153.1,match,0,
Yumepirika/post_backward,Seihaku_E,demand,P,24170,24170,24170,24170,505.2,match,0,
Yumepirika/post_backward,DC_Higashi,demand,S,24338,24338,24338,24338,153.9,match,0,
Yumepirika/post_backward,DC_Higashi,demand,P,24338,24338,24338,24338,165.3,match,0,
Yumepirika/post_backward,Retail_KANTO,demand,S,13633,13633,13633,13633,77.6,match,0,
Yumepirika/post_backward,Retail_KANTO,demand,P,13633,13633,13633,13633,324.9,match,0,
Yumepirika/post_backward,Retail_TOHOKU,demand,S,10948,10948,10948,10948,56.3,match,0,
Yumepirika/post_backward,Retail_TOHOKU,demand,P,10948,10948,10948,10948,53.7,match,0,
Yumepirika/post_backward,Seihaku_W,demand,S,29557,29557,29557,29557,185.5,match,0,
Yumepirika/post_backward,Seihaku_W,demand,P,29557,29557,29557,29557,799.7,match,0,
Yumepirika/post_backward,DC_Nishi,demand,S,29762,29762,29762,29762,362.4,match,0,
Yumepirika/post_backward,DC_Nishi,demand,P,29762,29762,29762,29762,198.2,match,0,
Yumepirika/post_backward,Retail_KANSAI,demand,S,21807,21807,21807,21807,445.6,match,0,
Yumepirika/post_backward,Retail_KANSAI,demand,P,21807,21807,21807,21807,130.7,match,0,
Yumepirika/post_backward,Retail_KYUSHU,demand,S,8216,8216,8216,8216,68.2,match,0,
Yumepirika/post_backward,Retail_KYUSHU,demand,P,8216,8216,8216,8216,56.1,match,0,
Yumepirika/post_backward,Sanchiku_Hokkaido,demand,S,52030,52030,52030,52030,775.3,match,0,
Yumepirika/post_backward,Tanbo_Hokkaido,demand,S,51661,51661,51661,51661,841.3,match,0,
Yumepirika/post_backward,Tanbo_Hokkaido,demand,P,51661,51661,51661,51661,802.6,match,0,
Yumepirika/post_backward_hooks,SP_Kome,demand,S,39596,39596,39596,39596,493.3,match,0,
Yumepirika/post_backward_hooks,SP_Kome,demand,P,39596,39596,39596,39596,220.1,match,0,
Yumepirika/post_backward_hooks,Genmai_Souko_Hokkaido,demand,S,39596,39596,39596,39596,510.6,match,0,
Yumepirika/post_backward_hooks,Genmai_Souko_Hokkaido,demand,P,39596,39596,39596,39596,222.3,match,0,
Yumepirika/post_backward_hooks,Seihaku_E,demand,S,17897,17897,17897,17897,83.1,match,0,
Yumepirika/post_backward_hooks,Seihaku_E,demand,P,17897,17897,17897,17897,368.7,match,0,
Yumepirika/post_backward_hooks,DC_Higashi,demand,S,17897,17897,17897,17897,93.8,match,0,
Yumepirika/post_backward_hooks,DC_Higashi,demand,P,17897,17897,17897,17897,87.8,match,0,
Yumepirika/post_backward_hooks,Retail_KANTO,demand,S,13633,13633,13633,13633,61.0,match,0,
Yumepirika/post_backward_hooks,Retail_KANTO,demand,P,13633,13633,13633,13633,327.8,match,0,
Yumepirika/post_backward_hooks,Retail_TOHOKU,demand,S,10948,10948,10948,10948,124.9,match,0,
Yumepirika/post_backward_hooks,Retail_TOHOKU,demand,P,10948,10948,10948,10948,72.7,match,0,
Yumepirika/post_backward_hooks,Seihaku_W,demand,S,21699,21699,21699,21699,142.7,match,0,
Yumepirika/post_backward_hooks,Seihaku_W,demand,P,21699,21699,21699,21699,110.9,match,0,
Yumepirika/post_backward_hooks,DC_Nishi,demand,S,21699,21699,21699,21699,388.0,match,0,
Yumepirika/post_backward_hooks,DC_Nishi,demand,P,21699,21699,21699,21699,113.5,match,0,
Yumepirika/post_backward_hooks,Retail_KANSAI,demand,S,21807,21807,21807,21807,121.7,match,0,
Yumepirika/post_backward_hooks,Retail_KANSAI,demand,P,21807,21807,21807,21807,995.8,match,0,
Yumepirika/post_backward_hooks,Retail_KYUSHU,demand,S,8216,8216,8216,8216,37.0,match,0,
Yumepirika/post_backward_hooks,Retail_KYUSHU,demand,P,8216,8216,8216,8216,39.2,match,0,
Yumepirika/post_backward_hooks,Sanchiku_Hokkaido,demand,S,39596,39596,39596,39596,222.4,match,0,
Yumepirika/post_backward_hooks,Sanchiku_Hokkaido,demand,P,39596,39596,39596,39596,478.3,match,0,
Yumepirika/post_backward_hooks,Tanbo_Hokkaido,demand,S,39596,39596,39596,39596,223.9,match,0,
Yumepirika/post_backward_hooks,Tanbo_Hokkaido,demand,P,39596,39596,39596,39596,942.0,match,0,
Yumepirika/post_copy,SP_Kome,supply,S,39596,39596,39596,39596,338.2,match,0,
Yumepirika/post_copy,SP_Kome,supply,P,39596,39596,39596,39596,545.6,match,0,
Yumepirika/post_copy,Genmai_Souko_Hokkaido,supply,S,39596,39596,39596,39596,500.5,match,0,
Yumepirika/post_copy,Genmai_Souko_Hokkaido,supply,P,39596,39596,39596,39596,462.8,match,0,
Yumepirika/post_copy,Seihaku_E,supply,S,17897,17897,17897,17897,89.8,match,0,
Yumepirika/post_copy,Seihaku_E,supply,P,17897,17897,17897,17897,85.5,match,0,
Yumepirika/post_copy,DC_Higashi,supply,S,17897,17897,17897,17897,360.1,match,0,
Yumepirika/post_copy,DC_Higashi,supply,P,17897,17897,17897,17897,133.7,match,0,
Yumepirika/post_copy,Retail_KANTO,supply,S,13633,13633,13633,13633,122.8,match,0,
Yumepirika/post_copy,Retail_KANTO,supply,P,13633,13633,13633,13633,66.4,match,0,
Yumepirika/post_copy,Retail_TOHOKU,supply,S,10948,10948,10948,10948,293.5,match,0,
Yumepirika/post_copy,Retail_TOHOKU,supply,P,10948,10948,10948,10948,52.5,match,0,
Yumepirika/post_copy,Seihaku_W,supply,S,21699,21699,21699,21699,101.7,match,0,
Yumepirika/post_copy,Seihaku_W,supply,P,21699,21699,21699,21699,101.0,match,0,
Yumepirika/post_copy,DC_Nishi,supply,S,21699,21699,21699,21699,393.7,match,0,
Yumepirika/post_copy,DC_Nishi,supply,P,21699,21699,21699,21699,103.0,match,0,
Yumepirika/post_copy,Retail_KANSAI,supply,S,21807,21807,21807,21807,110.2,match,0,
Yumepirika/post_copy,Retail_KANSAI,supply,P,21807,21807,21807,21807,102.5,match,0,
Yumepirika/post_copy,Retail_KYUSHU,supply,S,8216,8216,8216,8216,34.6,match,0,
Yumepirika/post_copy,Retail_KYUSHU,supply,P,8216,8216,8216,8216,279.7,match,0,
Yumepirika/post_copy,Sanchiku_Hokkaido,supply,S,39596,39596,39596,39596,354.2,match,0,
Yumepirika/post_copy,Sanchiku_Hokkaido,supply,P,39596,39596,39596,39596,648.7,match,0,
Yumepirika/post_copy,Tanbo_Hokkaido,supply,S,39596,39596,39596,39596,251.0,match,0,
Yumepirika/post_copy,Tanbo_Hokkaido,supply,P,39596,39596,39596,39596,552.4,match,0,
Koshihikari/final,SP_Kome,demand,S,101614,101614,101614,101614,1020.1,match,0,
Koshihikari/final,SP_Kome,demand,P,101614,101614,101614,101614,1362.3,match,0,
Koshihikari/final,SP_Kome,supply,S,101614,101614,101614,101614,1028.1,match,0,
Koshihikari/final,SP_Kome,supply,P,101614,101614,101614,101614,1408.5,match,0,
Koshihikari/final,Genmai_Souko_Niigata,demand,S,101614,101614,101614,101614,1035.9,match,0,
Koshihikari/final,Genmai_Souko_Niigata,demand,P,101614,101614,101614,101614,960.2,match,0,
Koshihikari/final,Genmai_Souko_Niigata,supply,S,101614,101614,101614,101614,1851.9,match,0,
Koshihikari/final,Genmai_Souko_Niigata,supply,I,92707,92707,1663104,1663104,3126.2,match,0,
Koshihikari/final,Genmai_Souko_Niigata,supply,P,101614,101614,101614,101614,1033.9,match,0,
Koshihikari/final,Seihaku_E,demand,S,66657,66657,66657,66657,415.4,match,0,
Koshihikari/final,Seihaku_E,demand,P,66657,66657,66657,66657,759.4,match,0,
Koshihikari/final,Seihaku_E,supply,S,66657,66657,66657,66657,1342.6,match,0,
Koshihikari/final,Seihaku_E,supply,P,66657,66657,66657,66657,693.7,match,0,
Koshihikari/final,DC_Higashi,demand,S,66657,66657,66657,66657,710.2,match,0,
Koshihikari/final,DC_Higashi,demand,P,66657,66657,66657,66657,447.6,match,0,
Koshihikari/final,DC_Higashi,supply,S,66657,66657,66657,66657,745.3,match,0,
Koshihikari/final,DC_Higashi,supply,P,66657,66657,66657,66657,1160.0,match,0,
Koshihikari/final,Retail_KANTO,demand,S,73009,73009,73009,73009,872.2,match,0,
Koshihikari/final,Retail_KANTO,demand,P,73009,73009,73009,73009,759.6,match,0,
Koshihikari/final,Retail_KANTO,supply,S,73009,73009,73009,73009,730.6,match,0,
Koshihikari/final,Retail_KANTO,supply,CO,31248,31248,3167971,3167971,3549.6,match,0,
Koshihikari/final,Retail_KANTO,supply,I,8391,8391,11512,11512,47.3,match,0,
Koshihikari/final,Retail_KANTO,supply,P,41761,41761,41761,41761,561.4,match,0,
Koshihikari/final,Retail_TOHOKU,demand,S,45554,45554,45554,45554,531.3,match,0,
Koshihikari/final,Retail_TOHOKU,demand,P,45554,45554,45554,45554,291.7,match,0,
Koshihikari/final,Retail_TOHOKU,supply,S,45554,45554,45554,45554,661.6,match,0,
Koshihikari/final,Retail_TOHOKU,supply,CO,20658,20658,2041501,2041501,1956.9,match,0,
Koshihikari/final,Retail_TOHOKU,supply,I,4139,4139,5425,5425,22.0,match,0,
Koshihikari/final,Retail_TOHOKU,supply,P,24896,24896,24896,24896,134.4,match,0,
Koshihikari/final,Seihaku_W,demand,S,34957,34957,34957,34957,452.8,match,0,
Koshihikari/final,Seihaku_W,demand,P,34957,34957,34957,34957,188.3,match,0,
Koshihikari/final,Seihaku_W,supply,S,34957,34957,34957,34957,536.6,match,0,
Koshihikari/final,Seihaku_W,supply,P,34957,34957,34957,34957,200.7,match,0,
Koshihikari/final,DC_Nishi,demand,S,34957,34957,34957,34957,502.3,match,0,
Koshihikari/final,DC_Nishi,demand,P,34957,34957,34957,34957,213.5,match,0,
Koshihikari/final,DC_Nishi,supply,S,34957,34957,34957,34957,531.3,match,0,
Koshihikari/final,DC_Nishi,supply,P,34957,34957,34957,34957,222.1,match,0,
Koshihikari/final,Retail_KANSAI,demand,S,45554,45554,45554,45554,581.4,match,0,
Koshihikari/final,Retail_KANSAI,demand,P,45554,45554,45554,45554,280.9,match,0,
Koshihikari/final,Retail_KANSAI,supply,S,45554,45554,45554,45554,570.8,match,0,
Koshihikari/final,Retail_KANSAI,supply,CO,20340,20340,2025913,2025913,1972.6,match,0,
Koshihikari/final,Retail_KANSAI,supply,I,3291,3291,4639,4639,16.7,match,0,
Koshihikari/final,Retail_KANSAI,supply,P,25214,25214,25214,25214,431.2,match,0,
Koshihikari/final,Retail_KYUSHU,demand,S,18216,18216,18216,18216,120.1,match,0,
Koshihikari/final,Retail_KYUSHU,demand,P,18216,18216,18216,18216,471.3,match,0,
Koshihikari/final,Retail_KYUSHU,supply,S,18216,18216,18216,18216,124.4,match,0,
Koshihikari/final,Retail_KYUSHU,supply,CO,8473,8473,829574,829574,743.7,match,0,
Koshihikari/final,Retail_KYUSHU,supply,I,1386,1386,2045,2045,7.0,match,0,
Koshihikari/final,Retail_KYUSHU,supply,P,9743,9743,9743,9743,49.9,match,0,
Koshihikari/final,Sanchiku_Niigata,demand,S,101614,101614,101614,101614,974.2,match,0,
Koshihikari/final,Sanchiku_Niigata,demand,P,101614,101614,101614,101614,1676.7,match,0,
Koshihikari/final,Sanchiku_Niigata,supply,S,101614,101614,101614,101614,1354.0,match,0,
Koshihikari/final,Sanchiku_Niigata,supply,P,101614,101614,101614,101614,974.7,match,0,
Koshihikari/final,Tanbo_Niigata,demand,S,101614,101614,101614,101614,993.6,match,0,
Koshihikari/final,Tanbo_Niigata,demand,P,101614,101614,101614,101614,1382.5,match,0,
Koshihikari/final,Tanbo_Niigata,supply,S,101614,101614,101614,101614,1365.0,match,0,
Koshihikari/final,Tanbo_Niigata,supply,P,101614,101614,101614,101614,1058.3,match,0,
Yumepirika/final,SP_Kome,demand,S,39596,39596,39596,39596,255.7,match,0,
Yumepirika/final,SP_Kome,demand,P,39596,39596,39596,39596,548.2,match,0,
Yumepirika/final,SP_Kome,supply,S,39596,39596,39596,39596,260.8,match,0,
Yumepirika/final,SP_Kome,supply,P,39596,39596,39596,39596,588.6,match,0,
Yumepirika/final,Genmai_Souko_Hokkaido,demand,S,39596,39596,39596,39596,436.0,match,0,
Yumepirika/final,Genmai_Souko_Hokkaido,demand,P,39596,39596,39596,39596,564.5,match,0,
Yumepirika/final,Genmai_Souko_Hokkaido,supply,S,39596,39596,39596,39596,453.6,match,0,
Yumepirika/final,Genmai_Souko_Hokkaido,supply,I,33349,33349,808310,808310,1380.5,match,0,
Yumepirika/final,Genmai_Souko_Hokkaido,supply,P,39596,39596,39596,39596,237.2,match,0,
Yumepirika/final,Seihaku_E,demand,S,17897,17897,17897,17897,84.7,match,0,
Yumepirika/final,Seihaku_E,demand,P,17897,17897,17897,17897,377.5,match,0,
Yumepirika/final,Seihaku_E,supply,S,17897,17897,17897,17897,103.7,match,0,
Yumepirika/final,Seihaku_E,supply,P,17897,17897,17897,17897,99.3,match,0,
Yumepirika/final,DC_Higashi,demand,S,17897,17897,17897,17897,94.9,match,0,
Yumepirika/final,DC_Higashi,demand,P,17897,17897,17897,17897,591.1,match,0,
Yumepirika/final,DC_Higashi,supply,S,17897,17897,17897,17897,155.6,match,0,
Yumepirika/final,DC_Higashi,supply,P,17897,17897,17897,17897,120.2,match,0,
Yumepirika/final,Retail_KANTO,demand,S,13633,13633,13633,13633,197.9,match,0,
Yumepirika/final,Retail_KANTO,demand,P,13633,13633,13633,13633,245.0,match,0,
Yumepirika/final,Retail_KANTO,supply,S,13633,13633,13633,13633,523.8,match,0,
Yumepirika/final,Retail_KANTO,supply,CO,3670,3670,496976,496976,431.9,match,0,
Yumepirika/final,Retail_KANTO,supply,I,1577,1577,2103,2103,7.5,match,0,
Yumepirika/final,Retail_KANTO,supply,P,9963,9963,9963,9963,52.4,match,0,
Yumepirika/final,Retail_TOHOKU,demand,S,10948,10948,10948,10948,48.8,match,0,
Yumepirika/final,Retail_TOHOKU,demand,P,10948,10948,10948,10948,57.4,match,0,
Yumepirika/final,Retail_TOHOKU,supply,S,10948,10948,10948,10948,52.8,match,0,
Yumepirika/final,Retail_TOHOKU,supply,CO,3014,3014,406667,406667,348.0,match,0,
Yumepirika/final,Retail_TOHOKU,supply,I,1226,1226,1572,1572,6.1,match,0,
Yumepirika/final,Retail_TOHOKU,supply,P,7934,7934,7934,7934,50.5,match,0,
Yumepirika/final,Seihaku_W,demand,S,21699,21699,21699,21699,431.4,match,0,
Yumepirika/final,Seihaku_W,demand,P,21699,21699,21699,21699,113.7,match,0,
Yumepirika/final,Seihaku_W,supply,S,21699,21699,21699,21699,125.0,match,0,
Yumepirika/final,Seihaku_W,supply,P,21699,21699,21699,21699,412.2,match,0,
Yumepirika/final,DC_Nishi,demand,S,21699,21699,21699,21699,109.2,match,0,
Yumepirika/final,DC_Nishi,demand,P,21699,21699,21699,21699,124.7,match,0,
Yumepirika/final,DC_Nishi,supply,S,21699,21699,21699,21699,124.3,match,0,
Yumepirika/final,DC_Nishi,supply,P,21699,21699,21699,21699,416.4,match,0,
Yumepirika/final,Retail_KANSAI,demand,S,21807,21807,21807,21807,137.2,match,0,
Yumepirika/final,Retail_KANSAI,demand,P,21807,21807,21807,21807,135.4,match,0,
Yumepirika/final,Retail_KANSAI,supply,S,21807,21807,21807,21807,469.9,match,0,
Yumepirika/final,Retail_KANSAI,supply,CO,6006,6006,810315,810315,935.3,match,0,
Yumepirika/final,Retail_KANSAI,supply,I,2160,2160,3211,3211,12.7,match,0,
Yumepirika/final,Retail_KANSAI,supply,P,15801,15801,15801,15801,291.2,match,0,
Yumepirika/final,Retail_KYUSHU,demand,S,8216,8216,8216,8216,147.4,match,0,
Yumepirika/final,Retail_KYUSHU,demand,P,8216,8216,8216,8216,53.5,match,0,
Yumepirika/final,Retail_KYUSHU,supply,S,8216,8216,8216,8216,70.5,match,0,
Yumepirika/final,Retail_KYUSHU,supply,CO,2318,2318,311258,311258,289.0,match,0,
Yumepirika/final,Retail_KYUSHU,supply,I,780,780,1116,1116,3.8,match,0,
Yumepirika/final,Retail_KYUSHU,supply,P,5898,5898,5898,5898,42.2,match,0,
Yumepirika/final,Sanchiku_Hokkaido,demand,S,39596,39596,39596,39596,721.1,match,0,
Yumepirika/final,Sanchiku_Hokkaido,demand,P,39596,39596,39596,39596,355.9,match,0,
Yumepirika/final,Sanchiku_Hokkaido,supply,S,39596,39596,39596,39596,603.6,match,0,
Yumepirika/final,Sanchiku_Hokkaido,supply,P,39596,39596,39596,39596,278.7,match,0,
Yumepirika/final,Tanbo_Hokkaido,demand,S,39596,39596,39596,39596,549.0,match,0,
Yumepirika/final,Tanbo_Hokkaido,demand,P,39596,39596,39596,39596,250.9,match,0,
Yumepirika/final,Tanbo_Hokkaido,supply,S,39596,39596,39596,39596,1651.8,match,0,
Yumepirika/final,Tanbo_Hokkaido,supply,P,39596,39596,39596,39596,279.4,match,0,
