model,product,leaf,region,ppc_rev,money_rev,money_units,sku_price,ratio
Cookie-jp-2026,Cookie_Import,Retail_JP_CVS,CVS,946800000.0,946800000.0,31560.0,30000.0,1.0
Cookie-jp-2026,Cookie_Import,Retail_JP_SM,SM,946800000.0,946800000.0,31560.0,30000.0,1.0
Cookie-jp-2026,Cookie_Import,Retail_JP_EC,EC,474300000.0,474300000.0,15810.0,30000.0,1.0
Cookie-jp-2026,Cookie_Local,Retail_JP_CVS,CVS,788100000.0,788100000.0,26270.0,30000.0,1.0
Cookie-jp-2026,Cookie_Local,Retail_JP_SM,SM,788100000.0,788100000.0,26270.0,30000.0,1.0
Cookie-jp-2026,Cookie_Local,Retail_JP_EC,EC,315600000.0,315600000.0,10520.0,30000.0,1.0
apparel-global-2028-2029,Apparel_Offshore,Retail_US_Offshore,US,2993744.0,2993744.0,57572.0,52.0,1.0
apparel-global-2028-2029,Apparel_Offshore,Retail_JP_Offshore,JP,1642650.1283999998,1621776.0,31188.0,52.0,1.0128711538461537
apparel-global-2028-2029,Apparel_Vertical,Retail_US_Vertical,US,3750876.0,3750876.0,60498.0,62.0,1.0
apparel-global-2028-2029,Apparel_Vertical,Retail_JP_Vertical,JP,2000716.0308,2000616.0,32268.0,62.0,1.00005
apparel-us-2026,Apparel_Outsourced_S1,Sales_US_TX_I,TX,438844.0,438844.0,8956.0,49.0,1.0
apparel-us-2026,Apparel_Outsourced_S1,Sales_US_CA_I,CA,402388.0,402388.0,8212.0,49.0,1.0
apparel-us-2026,Apparel_Outsourced_S1,Sales_US_NY_I,NY,329084.0,329084.0,6716.0,49.0,1.0
apparel-us-2026,Apparel_Outsourced_S2,Sales_US_TX_I,TX,438844.0,438844.0,8956.0,49.0,1.0
apparel-us-2026,Apparel_Outsourced_S2,Sales_US_CA_I,CA,402388.0,402388.0,8212.0,49.0,1.0
apparel-us-2026,Apparel_Outsourced_S2,Sales_US_NY_I,NY,329084.0,329084.0,6716.0,49.0,1.0
apparel-us-2026,Apparel_Outsourced_S3,Sales_US_TX_I,TX,361816.0,361816.0,7384.0,49.0,1.0
apparel-us-2026,Apparel_Outsourced_S3,Sales_US_CA_I,CA,331828.0,331828.0,6772.0,49.0,1.0
apparel-us-2026,Apparel_Outsourced_S3,Sales_US_NY_I,NY,271460.0,271460.0,5540.0,49.0,1.0
apparel-us-2026,Apparel_Outsourced_S4,Sales_US_TX_I,TX,248822.0,248822.0,5078.0,49.0,1.0
apparel-us-2026,Apparel_Outsourced_S4,Sales_US_CA_I,CA,228144.0,228144.0,4656.0,49.0,1.0
apparel-us-2026,Apparel_Outsourced_S4,Sales_US_NY_I,NY,186592.0,186592.0,3808.0,49.0,1.0
apparel-us-2026,Apparel_Outsourced_S5,Sales_US_TX_I,TX,180908.0,180908.0,3692.0,49.0,1.0
apparel-us-2026,Apparel_Outsourced_S5,Sales_US_CA_I,CA,165914.0,165914.0,3386.0,49.0,1.0
apparel-us-2026,Apparel_Outsourced_S5,Sales_US_NY_I,NY,135730.0,135730.0,2770.0,49.0,1.0
apparel-us-2026,Apparel_Outsourced_S6,Sales_US_TX_I,TX,219422.0,219422.0,4478.0,49.0,1.0
apparel-us-2026,Apparel_Outsourced_S6,Sales_US_CA_I,CA,201194.0,201194.0,4106.0,49.0,1.0
apparel-us-2026,Apparel_Outsourced_S6,Sales_US_NY_I,NY,164542.0,164542.0,3358.0,49.0,1.0
apparel-us-2026,Apparel_Outsourced_S7,Sales_US_TX_I,TX,180908.0,180908.0,3692.0,49.0,1.0
apparel-us-2026,Apparel_Outsourced_S7,Sales_US_CA_I,CA,165914.0,165914.0,3386.0,49.0,1.0
apparel-us-2026,Apparel_Outsourced_S7,Sales_US_NY_I,NY,135730.0,135730.0,2770.0,49.0,1.0
apparel-us-2026,Apparel_Outsourced_S8,Sales_US_TX_I,TX,219422.0,219422.0,4478.0,49.0,1.0
apparel-us-2026,Apparel_Outsourced_S8,Sales_US_CA_I,CA,201194.0,201194.0,4106.0,49.0,1.0
apparel-us-2026,Apparel_Outsourced_S8,Sales_US_NY_I,NY,164542.0,164542.0,3358.0,49.0,1.0
apparel-us-2026,Apparel_Integrated_S1,Sales_US_TX_L,TX,438844.0,438844.0,8956.0,49.0,1.0
apparel-us-2026,Apparel_Integrated_S1,Sales_US_CA_L,CA,402388.0,402388.0,8212.0,49.0,1.0
apparel-us-2026,Apparel_Integrated_S1,Sales_US_NY_L,NY,329084.0,329084.0,6716.0,49.0,1.0
apparel-us-2026,Apparel_Integrated_S2,Sales_US_TX_L,TX,438844.0,438844.0,8956.0,49.0,1.0
apparel-us-2026,Apparel_Integrated_S2,Sales_US_CA_L,CA,402388.0,402388.0,8212.0,49.0,1.0
apparel-us-2026,Apparel_Integrated_S2,Sales_US_NY_L,NY,329084.0,329084.0,6716.0,49.0,1.0
apparel-us-2026,Apparel_Integrated_S3,Sales_US_TX_L,TX,361816.0,361816.0,7384.0,49.0,1.0
apparel-us-2026,Apparel_Integrated_S3,Sales_US_CA_L,CA,331828.0,331828.0,6772.0,49.0,1.0
apparel-us-2026,Apparel_Integrated_S3,Sales_US_NY_L,NY,271460.0,271460.0,5540.0,49.0,1.0
apparel-us-2026,Apparel_Integrated_S4,Sales_US_TX_L,TX,248822.0,248822.0,5078.0,49.0,1.0
apparel-us-2026,Apparel_Integrated_S4,Sales_US_CA_L,CA,228144.0,228144.0,4656.0,49.0,1.0
apparel-us-2026,Apparel_Integrated_S4,Sales_US_NY_L,NY,186592.0,186592.0,3808.0,49.0,1.0
apparel-us-2026,Apparel_Integrated_S5,Sales_US_TX_L,TX,180908.0,180908.0,3692.0,49.0,1.0
apparel-us-2026,Apparel_Integrated_S5,Sales_US_CA_L,CA,165914.0,165914.0,3386.0,49.0,1.0
apparel-us-2026,Apparel_Integrated_S5,Sales_US_NY_L,NY,135730.0,135730.0,2770.0,49.0,1.0
apparel-us-2026,Apparel_Integrated_S6,Sales_US_TX_L,TX,219422.0,219422.0,4478.0,49.0,1.0
apparel-us-2026,Apparel_Integrated_S6,Sales_US_CA_L,CA,201194.0,201194.0,4106.0,49.0,1.0
apparel-us-2026,Apparel_Integrated_S6,Sales_US_NY_L,NY,164542.0,164542.0,3358.0,49.0,1.0
apparel-us-2026,Apparel_Integrated_S7,Sales_US_TX_L,TX,180908.0,180908.0,3692.0,49.0,1.0
apparel-us-2026,Apparel_Integrated_S7,Sales_US_CA_L,CA,165914.0,165914.0,3386.0,49.0,1.0
apparel-us-2026,Apparel_Integrated_S7,Sales_US_NY_L,NY,135730.0,135730.0,2770.0,49.0,1.0
apparel-us-2026,Apparel_Integrated_S8,Sales_US_TX_L,TX,219422.0,219422.0,4478.0,49.0,1.0
apparel-us-2026,Apparel_Integrated_S8,Sales_US_CA_L,CA,201194.0,201194.0,4106.0,49.0,1.0
apparel-us-2026,Apparel_Integrated_S8,Sales_US_NY_L,NY,164542.0,164542.0,3358.0,49.0,1.0
bom-test-2026,EV_Model_A,Dealer_Sales,US,3200000.0,3200000.0,100.0,32000.0,1.0
ev-europe-2026,EVmaker_Local,Sales_DE_BER,BER,153603450000.0,930930000.0,22165.0,42000.0,165.0
ev-europe-2026,EVmaker_Local,Sales_DE_REG,REG,122868900000.0,744660000.0,17730.0,42000.0,165.0
ev-europe-2026,EVmaker_Local,Sales_DE_ONL,ONL,29238000000.0,177200000.0,4430.0,40000.0,165.0
ev-europe-2026,EVmaker_Import,Sales_DE_BER_i,BER,30699900000.0,186060000.0,4430.0,42000.0,165.0
ev-europe-2026,EVmaker_Import,Sales_DE_REG_i,REG,24296580000.0,147252000.0,3506.0,42000.0,165.0
ev-europe-2026,EVmaker_Import,Sales_DE_ONL_i,ONL,5801400000.0,35160000.0,879.0,40000.0,165.0
ev-thailand-2026,EVmaker_Local,Sales_TH_BKK,BKK,123097616250.0,28964145000.0,26355.0,1099000.0,4.25
ev-thailand-2026,EVmaker_Local,Sales_TH_PRO,PRO,98459410000.0,23166920000.0,21080.0,1099000.0,4.25
ev-thailand-2026,EVmaker_Local,Sales_TH_ONL,ONL,23472686250.0,5522985000.0,5265.0,1049000.0,4.25
ev-thailand-2026,EVmaker_Import,Sales_TH_BKK_i,BKK,37122198750.0,8734635000.0,5265.0,1659000.0,4.25
ev-thailand-2026,EVmaker_Import,Sales_TH_PRO_i,PRO,29725962000.0,6994344000.0,4216.0,1659000.0,4.25
ev-thailand-2026,EVmaker_Import,Sales_TH_ONL_i,ONL,7241706750.0,1703931000.0,1059.0,1609000.0,4.25
smartphone-global-2026-2029,Phone16,Retail_AMER,AMER,153903789352800.0,100205694.0,100306.0,999.0,1535878.6832293184
smartphone-global-2026-2029,Phone16,Retail_EMEA,EMEA,119400878848300.0,77738864.0,70736.0,1099.0,1535922.6094209454
smartphone-global-2026-2029,Phone16,Retail_APAC,APAC,70675739546100.0,45928753.0,48397.0,949.0,1538812.5069735728
smartphone-global-2026-2029,Phone15,Retail_AMER_i15,AMER,37079557882200.0,24171420.0,34580.0,699.0,1534024.8062463852
smartphone-global-2026-2029,Phone15,Retail_EMEA_i15,EMEA,23231734706600.0,15121874.0,18926.0,799.0,1536299.9788650533
smartphone-global-2026-2029,Phone15,Retail_APAC_i15,APAC,7883443887000.0,5123855.0,7895.0,649.0,1538576.6941101963
smartphone-global-2026-2029,Phone17,Retail_AMER_i17,AMER,90546913324000.0,58576700.0,53300.0,1099.0,1545783.789868668
smartphone-global-2026-2029,Phone17,Retail_EMEA_i17,EMEA,69150160085600.0,44734690.0,37310.0,1199.0,1545783.822031627
smartphone-global-2026-2029,Phone17,Retail_APAC_i17,APAC,69141917101600.0,44729360.0,42640.0,1049.0,1545783.7335834897
oil-global-2027,Gasoline_Local,Retail_Local_KANTO,KANTO,3793380000.0,3793380000.0,22314.0,170000.0,1.0
oil-global-2027,Gasoline_Local,Retail_Local_KANSAI,KANSAI,2249184000.0,2249184000.0,13388.0,168000.0,1.0
oil-global-2027,Gasoline_Local,Retail_Local_CHUBU,CHUBU,1151196000.0,1151196000.0,6693.0,172000.0,1.0
oil-global-2027,Gasoline_Import,Retail_Import_KANTO_I,KANTO_I,997260000.0,997260000.0,6044.0,165000.0,1.0
oil-global-2027,Gasoline_Import,Retail_Import_KANSAI_I,KANSAI_I,615977000.0,615977000.0,3779.0,163000.0,1.0
oil-global-2027,Gasoline_Local_Hormuz,Retail_Local_H_KANTO,KANTO,137700000000.0,137700000000.0,51.0,2700000000.0,1.0
oil-global-2027,Gasoline_Local_Hormuz,Retail_Local_H_KANSAI,KANSAI,69420000000.0,69420000000.0,26.0,2670000000.0,1.0
oil-global-2027,Gasoline_Local_Hormuz,Retail_Local_H_CHUBU,CHUBU,70980000000.0,70980000000.0,26.0,2730000000.0,1.0
oil-global-2027,Gasoline_Local_RedSea,Retail_Local_R_KANTO,KANTO,664200000000.0,664200000000.0,246.0,2700000000.0,1.0
oil-global-2027,Gasoline_Local_RedSea,Retail_Local_R_KANSAI,KANSAI,307050000000.0,307050000000.0,115.0,2670000000.0,1.0
oil-global-2027,Gasoline_Local_RedSea,Retail_Local_R_CHUBU,CHUBU,283920000000.0,283920000000.0,104.0,2730000000.0,1.0
oil-global-2027,Gasoline_EU_Local,Retail_EU_DE,DE,7426483750.0,45561250.0,26035.0,1750.0,163.0
oil-global-2027,Gasoline_EU_Local,Retail_EU_FR,FR,4800317400.0,29449800.0,16361.0,1800.0,163.0
oil-global-2027,Gasoline_EU_Local,Retail_EU_NL,NL,2534894500.0,15551500.0,8185.0,1900.0,163.0
oil-global-2027,Gasoline_EU_Import,Retail_EU_Import_DE_I,DE_I,2094321800.0,12848600.0,7558.0,1700.0,163.0
oil-global-2027,Gasoline_EU_Import,Retail_EU_Import_FR_I,FR_I,1271432600.0,7800200.0,4535.0,1720.0,163.0
oil-global-2027,Gasoline_US_Local,Retail_US_TX,TX,4633826400.0,30605400.0,34006.0,900.0,151.4055166735282
oil-global-2027,Gasoline_US_Local,Retail_US_CA,CA,3603978000.0,23803500.0,22670.0,1050.0,151.40538156153508
oil-global-2027,Gasoline_US_Local,Retail_US_NY,NY,1630518250.0,10769200.0,11336.0,950.0,151.40569865913903
oil-global-2027,Gasoline_US_Import,Retail_US_Import_MW_I,MW_I,604230000.0,3990800.0,4535.0,880.0,151.40573318632855
oil-global-2027,Gasoline_US_Import,Retail_US_Import_NE_I,NE_I,420940480.0,2780240.0,3022.0,920.0,151.40436796823295
rice-japan-2027-2028,Koshihikari,Retail_KANTO,KANTO,,232032000000.0,72510.0,3200000.0,
rice-japan-2027-2028,Koshihikari,Retail_TOHOKU,TOHOKU,,135726000000.0,45242.0,3000000.0,
rice-japan-2027-2028,Koshihikari,Retail_KANSAI,KANSAI,,149298600000.0,45242.0,3300000.0,
rice-japan-2027-2028,Koshihikari,Retail_KYUSHU,KYUSHU,,56082100000.0,18091.0,3100000.0,
rice-japan-2027-2028,Yumepirika,Retail_KANTO,KANTO,,37912000000.0,13540.0,2800000.0,
rice-japan-2027-2028,Yumepirika,Retail_TOHOKU,TOHOKU,,29357100000.0,10873.0,2700000.0,
rice-japan-2027-2028,Yumepirika,Retail_KANSAI,KANSAI,,62808200000.0,21658.0,2900000.0,
rice-japan-2027-2028,Yumepirika,Retail_KYUSHU,KYUSHU,,22440000000.0,8160.0,2750000.0,
smartx-2027-2029,SmartX,Retail_AMER_g1,AMER,41701641.0,41701641.0,59659.0,699.0,1.0
smartx-2027-2029,SmartX,Retail_EMEA_g1,EMEA,33361446.0,33361446.0,41754.0,799.0,1.0
smartx-2027-2029,SmartX,Retail_APAC_g1,APAC,30978068.0,30978068.0,47732.0,649.0,1.0
smartx-2027-2029,SmartXNext,Retail_AMER_g3,AMER,129132500.0,129132500.0,117500.0,1099.0,1.0
smartx-2027-2029,SmartXNext,Retail_EMEA_g3,EMEA,98618949.0,98618949.0,82251.0,1199.0,1.0
smartx-2027-2029,SmartXNext,Retail_APAC_g3,APAC,98619637.0,98619637.0,94013.0,1049.0,1.0
smartx-2027-2029,SmartXPro_IN,Retail_AMER,AMER,106649244.0,106649244.0,106756.0,999.0,1.0
smartx-2027-2029,SmartXPro_CN,Retail_EMEA,EMEA,82134864.0,82134864.0,74736.0,1099.0,1.0
smartx-2027-2029,SmartXPro_CN,Retail_APAC,APAC,81054090.0,81054090.0,85410.0,949.0,1.0
soysauce-eu-2027,Soy_Sauce,Rest_US_West,US_W,703520.0,703520.0,17588.0,40.0,1.0
soysauce-eu-2027,Soy_Sauce,Rest_US_East,US_E,703520.0,703520.0,17588.0,40.0,1.0
soysauce-eu-2027,Soy_Sauce,Rest_JP,JP,771878.5920000001,771840.0,30150.0,25.6,1.00005
soysauce-eu-2027,Soy_Sauce,Rest_FR,FR,618678.0,618075.0,15075.0,41.0,1.0009756097560976
soysauce-eu-2027,Soy_Sauce,Rest_BE,BE,412452.00000000006,412050.0,10050.0,41.0,1.0009756097560978
soysauce-eu-2027,Soy_Sauce,Rest_NL,NL,412452.00000000006,412050.0,10050.0,41.0,1.0009756097560978
soysauce-jpy-2027,Soy_Sauce,Rest_US_West,US_W,123203000.0,105528000.0,17588.0,6000.0,1.1674910924114927
soysauce-jpy-2027,Soy_Sauce,Rest_US_East,US_E,123203000.0,105528000.0,17588.0,6000.0,1.1674910924114927
soysauce-jpy-2027,Soy_Sauce,Rest_JP,JP,115776000.0,115776000.0,30150.0,3840.0,1.0
soysauce-jpy-2027,Soy_Sauce,Rest_FR,FR,108345600.0,92801700.0,15075.0,6156.0,1.1674958540630183
soysauce-jpy-2027,Soy_Sauce,Rest_BE,BE,72230400.0,61867800.0,10050.0,6156.0,1.1674958540630183
soysauce-jpy-2027,Soy_Sauce,Rest_NL,NL,72230400.0,61867800.0,10050.0,6156.0,1.1674958540630183
soysauce-us-2027,Soy_Sauce,Rest_US_West,US_W,1407000.0,1407000.0,35175.0,40.0,1.0
soysauce-us-2027,Soy_Sauce,Rest_US_East,US_E,1407000.0,1407000.0,35175.0,40.0,1.0
soysauce-us-2027,Soy_Sauce,Rest_JP,JP,771878.5920000001,771840.0,30150.0,25.6,1.00005
soysauce-us-2027,Soy_Sauce,Rest_FR,FR,,0.0,0.0,41.0,
soysauce-us-2027,Soy_Sauce,Rest_BE,BE,,0.0,0.0,41.0,
soysauce-us-2027,Soy_Sauce,Rest_NL,NL,,0.0,0.0,41.0,
soysauce-jpy-2027-alloc,Soy_Sauce,Rest_US_West,US_W,119353000.0,102378000.0,17063.0,6000.0,1.1658071069956435
soysauce-jpy-2027-alloc,Soy_Sauce,Rest_US_East,US_E,119353000.0,102378000.0,17063.0,6000.0,1.1658071069956435
soysauce-jpy-2027-alloc,Soy_Sauce,Rest_JP,JP,112320000.0,112320000.0,29250.0,3840.0,1.0
soysauce-jpy-2027-alloc,Soy_Sauce,Rest_FR,FR,44304732.0,40721940.0,6615.0,6156.0,1.087981859410431
soysauce-jpy-2027-alloc,Soy_Sauce,Rest_BE,BE,16313400.0,16313400.0,2650.0,6156.0,1.0
soysauce-jpy-2027-alloc,Soy_Sauce,Rest_NL,NL,16313400.0,16313400.0,2650.0,6156.0,1.0
ev-thailand-2026_update,EVmaker_Local,Sales_TH_BKK,BKK,123097616250.0,28964145000.0,26355.0,1099000.0,4.25
ev-thailand-2026_update,EVmaker_Local,Sales_TH_PRO,PRO,98459410000.0,23166920000.0,21080.0,1099000.0,4.25
ev-thailand-2026_update,EVmaker_Local,Sales_TH_ONL,ONL,23472686250.0,5522985000.0,5265.0,1049000.0,4.25
ev-thailand-2026_update,EVmaker_Import,Sales_TH_BKK_i,BKK,37122198750.0,8734635000.0,5265.0,1659000.0,4.25
ev-thailand-2026_update,EVmaker_Import,Sales_TH_PRO_i,PRO,29725962000.0,6994344000.0,4216.0,1659000.0,4.25
ev-thailand-2026_update,EVmaker_Import,Sales_TH_ONL_i,ONL,7241706750.0,1703931000.0,1059.0,1609000.0,4.25
