resource_id,week,kg_actual,capacity_kg
BROWN_STORE_HOKKAIDO|end,2026-W40,7516666.666666667,
BROWN_STORE_HOKKAIDO|end,2026-W41,15033333.333333334,
BROWN_STORE_HOKKAIDO|end,2026-W42,22536666.666666668,
BROWN_STORE_HOKKAIDO|end,2026-W43,29983333.333333332,
BROWN_STORE_HOKKAIDO|end,2026-W44,37406666.666666664,
BROWN_STORE_HOKKAIDO|end,2026-W45,44830000.0,
BROWN_STORE_HOKKAIDO|end,2026-W46,52253333.333333336,
BROWN_STORE_HOKKAIDO|end,2026-W47,51196666.666666664,
BROWN_STORE_HOKKAIDO|end,2026-W48,50700000.0,
BROWN_STORE_HOKKAIDO|end,2026-W49,49766666.666666664,
BROWN_STORE_HOKKAIDO|end,2026-W50,48523333.333333336,
BROWN_STORE_HOKKAIDO|end,2026-W51,47280000.0,
BROWN_STORE_HOKKAIDO|end,2026-W52,46036666.666666664,
BROWN_STORE_HOKKAIDO|end,2026-W53,44793333.333333336,
BROWN_STORE_HOKKAIDO|end,2027-W01,43550000.0,
BROWN_STORE_HOKKAIDO|end,2027-W02,42306666.666666664,
BROWN_STORE_HOKKAIDO|end,2027-W03,41076666.666666664,
BROWN_STORE_HOKKAIDO|end,2027-W04,39903333.333333336,
BROWN_STORE_HOKKAIDO|end,2027-W05,38753333.333333336,
BROWN_STORE_HOKKAIDO|end,2027-W06,37603333.333333336,
BROWN_STORE_HOKKAIDO|end,2027-W07,36453333.333333336,
BROWN_STORE_HOKKAIDO|end,2027-W08,35303333.333333336,
BROWN_STORE_HOKKAIDO|end,2027-W09,34153333.333333336,
BROWN_STORE_HOKKAIDO|end,2027-W10,32220000.0,
BROWN_STORE_HOKKAIDO|end,2027-W11,30576666.666666668,
BROWN_STORE_HOKKAIDO|end,2027-W12,29510000.0,
BROWN_STORE_HOKKAIDO|end,2027-W13,27526666.666666668,
BROWN_STORE_HOKKAIDO|end,2027-W14,25960000.0,
BROWN_STORE_HOKKAIDO|end,2027-W15,25503333.333333332,
BROWN_STORE_HOKKAIDO|end,2027-W16,25503333.333333332,
BROWN_STORE_HOKKAIDO|end,2027-W17,24920000.0,
BROWN_STORE_HOKKAIDO|end,2027-W18,23856666.666666668,
BROWN_STORE_HOKKAIDO|end,2027-W19,22793333.333333332,
BROWN_STORE_HOKKAIDO|end,2027-W20,21730000.0,
BROWN_STORE_HOKKAIDO|end,2027-W21,20666666.666666668,
BROWN_STORE_HOKKAIDO|end,2027-W22,19603333.333333332,
BROWN_STORE_HOKKAIDO|end,2027-W23,18540000.0,
BROWN_STORE_HOKKAIDO|end,2027-W24,17476666.666666668,
BROWN_STORE_HOKKAIDO|end,2027-W25,16390000.0,
BROWN_STORE_HOKKAIDO|end,2027-W26,15206666.666666666,
BROWN_STORE_HOKKAIDO|end,2027-W27,13973333.333333334,
BROWN_STORE_HOKKAIDO|end,2027-W28,11723333.333333334,
BROWN_STORE_HOKKAIDO|end,2027-W29,10266666.666666666,
BROWN_STORE_HOKKAIDO|end,2027-W30,9633333.333333334,
BROWN_STORE_HOKKAIDO|end,2027-W31,9116666.666666666,
BROWN_STORE_HOKKAIDO|end,2027-W32,8483333.333333334,
BROWN_STORE_HOKKAIDO|end,2027-W33,7333333.333333333,
BROWN_STORE_HOKKAIDO|end,2027-W34,6183333.333333333,
BROWN_STORE_HOKKAIDO|end,2027-W35,5033333.333333333,
BROWN_STORE_HOKKAIDO|end,2027-W36,3883333.3333333335,
BROWN_STORE_HOKKAIDO|end,2027-W37,2733333.3333333335,
BROWN_STORE_HOKKAIDO|end,2027-W38,1583333.3333333333,
BROWN_STORE_HOKKAIDO|end,2027-W39,433333.3333333333,
BROWN_STORE_HOKKAIDO|end,2027-W40,7950000.0,
BROWN_STORE_HOKKAIDO|end,2027-W41,15466666.666666666,
BROWN_STORE_HOKKAIDO|end,2027-W42,22720000.0,
BROWN_STORE_HOKKAIDO|end,2027-W43,30163333.333333332,
BROWN_STORE_HOKKAIDO|end,2027-W44,36760000.0,
BROWN_STORE_HOKKAIDO|end,2027-W45,43256666.666666664,
BROWN_STORE_HOKKAIDO|end,2027-W46,50756666.666666664,
BROWN_STORE_HOKKAIDO|end,2027-W47,49153333.333333336,
BROWN_STORE_HOKKAIDO|end,2027-W48,47523333.333333336,
BROWN_STORE_HOKKAIDO|end,2027-W49,46840000.0,
BROWN_STORE_HOKKAIDO|end,2027-W50,46280000.0,
BROWN_STORE_HOKKAIDO|end,2027-W51,45596666.666666664,
BROWN_STORE_HOKKAIDO|end,2027-W52,44353333.333333336,
BROWN_STORE_HOKKAIDO|end,2028-W01,43110000.0,
BROWN_STORE_HOKKAIDO|end,2028-W02,41866666.666666664,
BROWN_STORE_HOKKAIDO|end,2028-W03,40636666.666666664,
BROWN_STORE_HOKKAIDO|end,2028-W04,39463333.333333336,
BROWN_STORE_HOKKAIDO|end,2028-W05,38313333.333333336,
BROWN_STORE_HOKKAIDO|end,2028-W06,37163333.333333336,
BROWN_STORE_HOKKAIDO|end,2028-W07,36013333.333333336,
BROWN_STORE_HOKKAIDO|end,2028-W08,34863333.333333336,
BROWN_STORE_HOKKAIDO|end,2028-W09,33683333.333333336,
BROWN_STORE_HOKKAIDO|end,2028-W10,32243333.333333332,
BROWN_STORE_HOKKAIDO|end,2028-W11,30930000.0,
BROWN_STORE_HOKKAIDO|end,2028-W12,27510000.0,
BROWN_STORE_HOKKAIDO|end,2028-W13,27510000.0,
BROWN_STORE_HOKKAIDO|end,2028-W14,25520000.0,
BROWN_STORE_HOKKAIDO|end,2028-W15,25063333.333333332,
BROWN_STORE_HOKKAIDO|end,2028-W16,25063333.333333332,
BROWN_STORE_HOKKAIDO|end,2028-W17,24480000.0,
BROWN_STORE_HOKKAIDO|end,2028-W18,23416666.666666668,
BROWN_STORE_HOKKAIDO|end,2028-W19,22353333.333333332,
BROWN_STORE_HOKKAIDO|end,2028-W20,21290000.0,
BROWN_STORE_HOKKAIDO|end,2028-W21,20226666.666666668,
BROWN_STORE_HOKKAIDO|end,2028-W22,19163333.333333332,
BROWN_STORE_HOKKAIDO|end,2028-W23,18100000.0,
BROWN_STORE_HOKKAIDO|end,2028-W24,17036666.666666668,
BROWN_STORE_HOKKAIDO|end,2028-W25,15950000.0,
BROWN_STORE_HOKKAIDO|end,2028-W26,14766666.666666666,
BROWN_STORE_HOKKAIDO|end,2028-W27,13566666.666666666,
BROWN_STORE_HOKKAIDO|end,2028-W28,11283333.333333334,
BROWN_STORE_HOKKAIDO|end,2028-W29,9826666.666666666,
BROWN_STORE_HOKKAIDO|end,2028-W30,9193333.333333334,
BROWN_STORE_HOKKAIDO|end,2028-W31,8676666.666666666,
BROWN_STORE_HOKKAIDO|end,2028-W32,8043333.333333333,
BROWN_STORE_HOKKAIDO|end,2028-W33,6893333.333333333,
BROWN_STORE_HOKKAIDO|end,2028-W34,5743333.333333333,
BROWN_STORE_HOKKAIDO|end,2028-W35,4593333.333333333,
BROWN_STORE_HOKKAIDO|end,2028-W36,3443333.3333333335,
BROWN_STORE_HOKKAIDO|end,2028-W37,2293333.3333333335,
BROWN_STORE_HOKKAIDO|end,2028-W38,1143333.3333333333,
BROWN_STORE_HOKKAIDO|end,2028-W46,1476666.6666666667,
BROWN_STORE_HOKKAIDO|end,2028-W47,310000.0,
BROWN_STORE_HOKKAIDO|peak,2026-W40,8666666.666666666,
BROWN_STORE_HOKKAIDO|peak,2026-W41,16183333.333333334,
BROWN_STORE_HOKKAIDO|peak,2026-W42,23700000.0,
BROWN_STORE_HOKKAIDO|peak,2026-W43,31203333.333333332,
BROWN_STORE_HOKKAIDO|peak,2026-W44,38650000.0,
BROWN_STORE_HOKKAIDO|peak,2026-W45,46073333.333333336,
BROWN_STORE_HOKKAIDO|peak,2026-W46,53496666.666666664,
BROWN_STORE_HOKKAIDO|peak,2026-W47,52253333.333333336,
BROWN_STORE_HOKKAIDO|peak,2026-W48,51196666.666666664,
BROWN_STORE_HOKKAIDO|peak,2026-W49,50700000.0,
BROWN_STORE_HOKKAIDO|peak,2026-W50,49766666.666666664,
BROWN_STORE_HOKKAIDO|peak,2026-W51,48523333.333333336,
BROWN_STORE_HOKKAIDO|peak,2026-W52,47280000.0,
BROWN_STORE_HOKKAIDO|peak,2026-W53,46036666.666666664,
BROWN_STORE_HOKKAIDO|peak,2027-W01,44793333.333333336,
BROWN_STORE_HOKKAIDO|peak,2027-W02,43550000.0,
BROWN_STORE_HOKKAIDO|peak,2027-W03,42306666.666666664,
BROWN_STORE_HOKKAIDO|peak,2027-W04,41076666.666666664,
BROWN_STORE_HOKKAIDO|peak,2027-W05,39903333.333333336,
BROWN_STORE_HOKKAIDO|peak,2027-W06,38753333.333333336,
BROWN_STORE_HOKKAIDO|peak,2027-W07,37603333.333333336,
BROWN_STORE_HOKKAIDO|peak,2027-W08,36453333.333333336,
BROWN_STORE_HOKKAIDO|peak,2027-W09,35303333.333333336,
BROWN_STORE_HOKKAIDO|peak,2027-W10,34153333.333333336,
BROWN_STORE_HOKKAIDO|peak,2027-W11,32220000.0,
BROWN_STORE_HOKKAIDO|peak,2027-W12,30576666.666666668,
BROWN_STORE_HOKKAIDO|peak,2027-W13,29510000.0,
BROWN_STORE_HOKKAIDO|peak,2027-W14,27526666.666666668,
BROWN_STORE_HOKKAIDO|peak,2027-W15,25960000.0,
BROWN_STORE_HOKKAIDO|peak,2027-W16,25503333.333333332,
BROWN_STORE_HOKKAIDO|peak,2027-W17,25503333.333333332,
BROWN_STORE_HOKKAIDO|peak,2027-W18,24920000.0,
BROWN_STORE_HOKKAIDO|peak,2027-W19,23856666.666666668,
BROWN_STORE_HOKKAIDO|peak,2027-W20,22793333.333333332,
BROWN_STORE_HOKKAIDO|peak,2027-W21,21730000.0,
BROWN_STORE_HOKKAIDO|peak,2027-W22,20666666.666666668,
BROWN_STORE_HOKKAIDO|peak,2027-W23,19603333.333333332,
BROWN_STORE_HOKKAIDO|peak,2027-W24,18540000.0,
BROWN_STORE_HOKKAIDO|peak,2027-W25,17476666.666666668,
BROWN_STORE_HOKKAIDO|peak,2027-W26,16390000.0,
BROWN_STORE_HOKKAIDO|peak,2027-W27,15206666.666666666,
BROWN_STORE_HOKKAIDO|peak,2027-W28,13973333.333333334,
BROWN_STORE_HOKKAIDO|peak,2027-W29,11723333.333333334,
BROWN_STORE_HOKKAIDO|peak,2027-W30,10266666.666666666,
BROWN_STORE_HOKKAIDO|peak,2027-W31,9633333.333333334,
BROWN_STORE_HOKKAIDO|peak,2027-W32,9116666.666666666,
BROWN_STORE_HOKKAIDO|peak,2027-W33,8483333.333333334,
BROWN_STORE_HOKKAIDO|peak,2027-W34,7333333.333333333,
BROWN_STORE_HOKKAIDO|peak,2027-W35,6183333.333333333,
BROWN_STORE_HOKKAIDO|peak,2027-W36,5033333.333333333,
BROWN_STORE_HOKKAIDO|peak,2027-W37,3883333.3333333335,
BROWN_STORE_HOKKAIDO|peak,2027-W38,2733333.3333333335,
BROWN_STORE_HOKKAIDO|peak,2027-W39,1583333.3333333333,
BROWN_STORE_HOKKAIDO|peak,2027-W40,9100000.0,
BROWN_STORE_HOKKAIDO|peak,2027-W41,16616666.666666666,
BROWN_STORE_HOKKAIDO|peak,2027-W42,24133333.333333332,
BROWN_STORE_HOKKAIDO|peak,2027-W43,31386666.666666668,
BROWN_STORE_HOKKAIDO|peak,2027-W44,38830000.0,
BROWN_STORE_HOKKAIDO|peak,2027-W45,45426666.666666664,
BROWN_STORE_HOKKAIDO|peak,2027-W46,51923333.333333336,
BROWN_STORE_HOKKAIDO|peak,2027-W47,50756666.666666664,
BROWN_STORE_HOKKAIDO|peak,2027-W48,49153333.333333336,
BROWN_STORE_HOKKAIDO|peak,2027-W49,47523333.333333336,
BROWN_STORE_HOKKAIDO|peak,2027-W50,46840000.0,
BROWN_STORE_HOKKAIDO|peak,2027-W51,46280000.0,
BROWN_STORE_HOKKAIDO|peak,2027-W52,45596666.666666664,
BROWN_STORE_HOKKAIDO|peak,2028-W01,44353333.333333336,
BROWN_STORE_HOKKAIDO|peak,2028-W02,43110000.0,
BROWN_STORE_HOKKAIDO|peak,2028-W03,41866666.666666664,
BROWN_STORE_HOKKAIDO|peak,2028-W04,40636666.666666664,
BROWN_STORE_HOKKAIDO|peak,2028-W05,39463333.333333336,
BROWN_STORE_HOKKAIDO|peak,2028-W06,38313333.333333336,
BROWN_STORE_HOKKAIDO|peak,2028-W07,37163333.333333336,
BROWN_STORE_HOKKAIDO|peak,2028-W08,36013333.333333336,
BROWN_STORE_HOKKAIDO|peak,2028-W09,34863333.333333336,
BROWN_STORE_HOKKAIDO|peak,2028-W10,33683333.333333336,
BROWN_STORE_HOKKAIDO|peak,2028-W11,32243333.333333332,
BROWN_STORE_HOKKAIDO|peak,2028-W12,30930000.0,
BROWN_STORE_HOKKAIDO|peak,2028-W13,27510000.0,
BROWN_STORE_HOKKAIDO|peak,2028-W14,27510000.0,
BROWN_STORE_HOKKAIDO|peak,2028-W15,25520000.0,
BROWN_STORE_HOKKAIDO|peak,2028-W16,25063333.333333332,
BROWN_STORE_HOKKAIDO|peak,2028-W17,25063333.333333332,
BROWN_STORE_HOKKAIDO|peak,2028-W18,24480000.0,
BROWN_STORE_HOKKAIDO|peak,2028-W19,23416666.666666668,
BROWN_STORE_HOKKAIDO|peak,2028-W20,22353333.333333332,
BROWN_STORE_HOKKAIDO|peak,2028-W21,21290000.0,
BROWN_STORE_HOKKAIDO|peak,2028-W22,20226666.666666668,
BROWN_STORE_HOKKAIDO|peak,2028-W23,19163333.333333332,
BROWN_STORE_HOKKAIDO|peak,2028-W24,18100000.0,
BROWN_STORE_HOKKAIDO|peak,2028-W25,17036666.666666668,
BROWN_STORE_HOKKAIDO|peak,2028-W26,15950000.0,
BROWN_STORE_HOKKAIDO|peak,2028-W27,14766666.666666666,
BROWN_STORE_HOKKAIDO|peak,2028-W28,13566666.666666666,
BROWN_STORE_HOKKAIDO|peak,2028-W29,11283333.333333334,
BROWN_STORE_HOKKAIDO|peak,2028-W30,9826666.666666666,
BROWN_STORE_HOKKAIDO|peak,2028-W31,9193333.333333334,
BROWN_STORE_HOKKAIDO|peak,2028-W32,8676666.666666666,
BROWN_STORE_HOKKAIDO|peak,2028-W33,8043333.333333333,
BROWN_STORE_HOKKAIDO|peak,2028-W34,6893333.333333333,
BROWN_STORE_HOKKAIDO|peak,2028-W35,5743333.333333333,
BROWN_STORE_HOKKAIDO|peak,2028-W36,4593333.333333333,
BROWN_STORE_HOKKAIDO|peak,2028-W37,3443333.3333333335,
BROWN_STORE_HOKKAIDO|peak,2028-W38,2293333.3333333335,
BROWN_STORE_HOKKAIDO|peak,2028-W39,1143333.3333333333,
BROWN_STORE_HOKKAIDO|peak,2028-W40,1150000.0,
BROWN_STORE_HOKKAIDO|peak,2028-W41,1150000.0,
BROWN_STORE_HOKKAIDO|peak,2028-W42,1163333.3333333333,
BROWN_STORE_HOKKAIDO|peak,2028-W43,1220000.0,
BROWN_STORE_HOKKAIDO|peak,2028-W44,1310000.0,
BROWN_STORE_HOKKAIDO|peak,2028-W45,1570000.0,
BROWN_STORE_HOKKAIDO|peak,2028-W46,3090000.0,
BROWN_STORE_HOKKAIDO|peak,2028-W47,1476666.6666666667,
BROWN_STORE_HOKKAIDO|peak,2028-W48,310000.0,
BROWN_STORE_NIIGATA|end,2026-W43,47790000.0,
BROWN_STORE_NIIGATA|end,2026-W44,95420000.0,
BROWN_STORE_NIIGATA|end,2026-W45,142926666.66666666,
BROWN_STORE_NIIGATA|end,2026-W46,138766666.66666666,
BROWN_STORE_NIIGATA|end,2026-W47,134606666.66666666,
BROWN_STORE_NIIGATA|end,2026-W48,130863333.33333333,
BROWN_STORE_NIIGATA|end,2026-W49,128783333.33333333,
BROWN_STORE_NIIGATA|end,2026-W50,126286666.66666667,
BROWN_STORE_NIIGATA|end,2026-W51,122126666.66666667,
BROWN_STORE_NIIGATA|end,2026-W52,117966666.66666667,
BROWN_STORE_NIIGATA|end,2026-W53,113806666.66666667,
BROWN_STORE_NIIGATA|end,2027-W01,109646666.66666667,
BROWN_STORE_NIIGATA|end,2027-W02,105486666.66666667,
BROWN_STORE_NIIGATA|end,2027-W03,101326666.66666667,
BROWN_STORE_NIIGATA|end,2027-W04,97200000.0,
BROWN_STORE_NIIGATA|end,2027-W05,93233333.33333333,
BROWN_STORE_NIIGATA|end,2027-W06,89390000.0,
BROWN_STORE_NIIGATA|end,2027-W07,85546666.66666667,
BROWN_STORE_NIIGATA|end,2027-W08,81703333.33333333,
BROWN_STORE_NIIGATA|end,2027-W09,77860000.0,
BROWN_STORE_NIIGATA|end,2027-W10,73986666.66666667,
BROWN_STORE_NIIGATA|end,2027-W11,69313333.33333333,
BROWN_STORE_NIIGATA|end,2027-W12,63290000.0,
BROWN_STORE_NIIGATA|end,2027-W13,56690000.0,
BROWN_STORE_NIIGATA|end,2027-W14,51006666.666666664,
BROWN_STORE_NIIGATA|end,2027-W15,46520000.0,
BROWN_STORE_NIIGATA|end,2027-W16,44326666.666666664,
BROWN_STORE_NIIGATA|end,2027-W17,44326666.666666664,
BROWN_STORE_NIIGATA|end,2027-W18,43090000.0,
BROWN_STORE_NIIGATA|end,2027-W19,39553333.333333336,
BROWN_STORE_NIIGATA|end,2027-W20,36016666.666666664,
BROWN_STORE_NIIGATA|end,2027-W21,32480000.0,
BROWN_STORE_NIIGATA|end,2027-W22,28943333.333333332,
BROWN_STORE_NIIGATA|end,2027-W23,25406666.666666668,
BROWN_STORE_NIIGATA|end,2027-W24,21870000.0,
BROWN_STORE_NIIGATA|end,2027-W25,18333333.333333332,
BROWN_STORE_NIIGATA|end,2027-W26,14743333.333333334,
BROWN_STORE_NIIGATA|end,2027-W27,10886666.666666666,
BROWN_STORE_NIIGATA|end,2027-W28,6870000.0,
BROWN_STORE_NIIGATA|end,2027-W29,2753333.3333333335,
BROWN_STORE_NIIGATA|end,2027-W43,46916666.666666664,
BROWN_STORE_NIIGATA|end,2027-W44,92326666.66666667,
BROWN_STORE_NIIGATA|end,2027-W45,138396666.66666666,
BROWN_STORE_NIIGATA|end,2027-W46,132900000.0,
BROWN_STORE_NIIGATA|end,2027-W47,126400000.0,
BROWN_STORE_NIIGATA|end,2027-W48,120336666.66666667,
BROWN_STORE_NIIGATA|end,2027-W49,117633333.33333333,
BROWN_STORE_NIIGATA|end,2027-W50,116176666.66666667,
BROWN_STORE_NIIGATA|end,2027-W51,113473333.33333333,
BROWN_STORE_NIIGATA|end,2027-W52,112016666.66666667,
BROWN_STORE_NIIGATA|end,2028-W01,107856666.66666667,
BROWN_STORE_NIIGATA|end,2028-W02,103696666.66666667,
BROWN_STORE_NIIGATA|end,2028-W03,99536666.66666667,
BROWN_STORE_NIIGATA|end,2028-W04,95410000.0,
BROWN_STORE_NIIGATA|end,2028-W05,91443333.33333333,
BROWN_STORE_NIIGATA|end,2028-W06,87600000.0,
BROWN_STORE_NIIGATA|end,2028-W07,83756666.66666667,
BROWN_STORE_NIIGATA|end,2028-W08,79913333.33333333,
BROWN_STORE_NIIGATA|end,2028-W09,76070000.0,
BROWN_STORE_NIIGATA|end,2028-W10,72226666.66666667,
BROWN_STORE_NIIGATA|end,2028-W11,67060000.0,
BROWN_STORE_NIIGATA|end,2028-W12,60706666.666666664,
BROWN_STORE_NIIGATA|end,2028-W13,56460000.0,
BROWN_STORE_NIIGATA|end,2028-W14,48793333.333333336,
BROWN_STORE_NIIGATA|end,2028-W15,44730000.0,
BROWN_STORE_NIIGATA|end,2028-W16,42536666.666666664,
BROWN_STORE_NIIGATA|end,2028-W17,42536666.666666664,
BROWN_STORE_NIIGATA|end,2028-W18,41300000.0,
BROWN_STORE_NIIGATA|end,2028-W19,37763333.333333336,
BROWN_STORE_NIIGATA|end,2028-W20,34226666.666666664,
BROWN_STORE_NIIGATA|end,2028-W21,30690000.0,
BROWN_STORE_NIIGATA|end,2028-W22,27153333.333333332,
BROWN_STORE_NIIGATA|end,2028-W23,23616666.666666668,
BROWN_STORE_NIIGATA|end,2028-W24,20080000.0,
BROWN_STORE_NIIGATA|end,2028-W25,16543333.333333334,
BROWN_STORE_NIIGATA|end,2028-W26,12953333.333333334,
BROWN_STORE_NIIGATA|end,2028-W27,9096666.666666666,
BROWN_STORE_NIIGATA|end,2028-W28,5080000.0,
BROWN_STORE_NIIGATA|end,2028-W29,1590000.0,
BROWN_STORE_NIIGATA|end,2028-W45,16493333.333333334,
BROWN_STORE_NIIGATA|end,2028-W46,11386666.666666666,
BROWN_STORE_NIIGATA|end,2028-W47,5990000.0,
BROWN_STORE_NIIGATA|end,2028-W48,1663333.3333333333,
BROWN_STORE_NIIGATA|peak,2026-W43,51666666.666666664,
BROWN_STORE_NIIGATA|peak,2026-W44,99456666.66666667,
BROWN_STORE_NIIGATA|peak,2026-W45,147086666.66666666,
BROWN_STORE_NIIGATA|peak,2026-W46,142926666.66666666,
BROWN_STORE_NIIGATA|peak,2026-W47,138766666.66666666,
BROWN_STORE_NIIGATA|peak,2026-W48,134606666.66666666,
BROWN_STORE_NIIGATA|peak,2026-W49,130863333.33333333,
BROWN_STORE_NIIGATA|peak,2026-W50,128783333.33333333,
BROWN_STORE_NIIGATA|peak,2026-W51,126286666.66666667,
BROWN_STORE_NIIGATA|peak,2026-W52,122126666.66666667,
BROWN_STORE_NIIGATA|peak,2026-W53,117966666.66666667,
BROWN_STORE_NIIGATA|peak,2027-W01,113806666.66666667,
BROWN_STORE_NIIGATA|peak,2027-W02,109646666.66666667,
BROWN_STORE_NIIGATA|peak,2027-W03,105486666.66666667,
BROWN_STORE_NIIGATA|peak,2027-W04,101326666.66666667,
BROWN_STORE_NIIGATA|peak,2027-W05,97200000.0,
BROWN_STORE_NIIGATA|peak,2027-W06,93233333.33333333,
BROWN_STORE_NIIGATA|peak,2027-W07,89390000.0,
BROWN_STORE_NIIGATA|peak,2027-W08,85546666.66666667,
BROWN_STORE_NIIGATA|peak,2027-W09,81703333.33333333,
BROWN_STORE_NIIGATA|peak,2027-W10,77860000.0,
BROWN_STORE_NIIGATA|peak,2027-W11,73986666.66666667,
BROWN_STORE_NIIGATA|peak,2027-W12,69313333.33333333,
BROWN_STORE_NIIGATA|peak,2027-W13,63290000.0,
BROWN_STORE_NIIGATA|peak,2027-W14,56690000.0,
BROWN_STORE_NIIGATA|peak,2027-W15,51006666.666666664,
BROWN_STORE_NIIGATA|peak,2027-W16,46520000.0,
BROWN_STORE_NIIGATA|peak,2027-W17,44326666.666666664,
BROWN_STORE_NIIGATA|peak,2027-W18,44326666.666666664,
BROWN_STORE_NIIGATA|peak,2027-W19,43090000.0,
BROWN_STORE_NIIGATA|peak,2027-W20,39553333.333333336,
BROWN_STORE_NIIGATA|peak,2027-W21,36016666.666666664,
BROWN_STORE_NIIGATA|peak,2027-W22,32480000.0,
BROWN_STORE_NIIGATA|peak,2027-W23,28943333.333333332,
BROWN_STORE_NIIGATA|peak,2027-W24,25406666.666666668,
BROWN_STORE_NIIGATA|peak,2027-W25,21870000.0,
BROWN_STORE_NIIGATA|peak,2027-W26,18333333.333333332,
BROWN_STORE_NIIGATA|peak,2027-W27,14743333.333333334,
BROWN_STORE_NIIGATA|peak,2027-W28,10886666.666666666,
BROWN_STORE_NIIGATA|peak,2027-W29,6870000.0,
BROWN_STORE_NIIGATA|peak,2027-W30,2753333.3333333335,
BROWN_STORE_NIIGATA|peak,2027-W43,51666666.666666664,
BROWN_STORE_NIIGATA|peak,2027-W44,98583333.33333333,
BROWN_STORE_NIIGATA|peak,2027-W45,143993333.33333334,
BROWN_STORE_NIIGATA|peak,2027-W46,138396666.66666666,
BROWN_STORE_NIIGATA|peak,2027-W47,132900000.0,
BROWN_STORE_NIIGATA|peak,2027-W48,126400000.0,
BROWN_STORE_NIIGATA|peak,2027-W49,120336666.66666667,
BROWN_STORE_NIIGATA|peak,2027-W50,117633333.33333333,
BROWN_STORE_NIIGATA|peak,2027-W51,116176666.66666667,
BROWN_STORE_NIIGATA|peak,2027-W52,113473333.33333333,
BROWN_STORE_NIIGATA|peak,2028-W01,112016666.66666667,
BROWN_STORE_NIIGATA|peak,2028-W02,107856666.66666667,
BROWN_STORE_NIIGATA|peak,2028-W03,103696666.66666667,
BROWN_STORE_NIIGATA|peak,2028-W04,99536666.66666667,
BROWN_STORE_NIIGATA|peak,2028-W05,95410000.0,
BROWN_STORE_NIIGATA|peak,2028-W06,91443333.33333333,
BROWN_STORE_NIIGATA|peak,2028-W07,87600000.0,
BROWN_STORE_NIIGATA|peak,2028-W08,83756666.66666667,
BROWN_STORE_NIIGATA|peak,2028-W09,79913333.33333333,
BROWN_STORE_NIIGATA|peak,2028-W10,76070000.0,
BROWN_STORE_NIIGATA|peak,2028-W11,72226666.66666667,
BROWN_STORE_NIIGATA|peak,2028-W12,67060000.0,
BROWN_STORE_NIIGATA|peak,2028-W13,60706666.666666664,
BROWN_STORE_NIIGATA|peak,2028-W14,56460000.0,
BROWN_STORE_NIIGATA|peak,2028-W15,48793333.333333336,
BROWN_STORE_NIIGATA|peak,2028-W16,44730000.0,
BROWN_STORE_NIIGATA|peak,2028-W17,42536666.666666664,
BROWN_STORE_NIIGATA|peak,2028-W18,42536666.666666664,
BROWN_STORE_NIIGATA|peak,2028-W19,41300000.0,
BROWN_STORE_NIIGATA|peak,2028-W20,37763333.333333336,
BROWN_STORE_NIIGATA|peak,2028-W21,34226666.666666664,
BROWN_STORE_NIIGATA|peak,2028-W22,30690000.0,
BROWN_STORE_NIIGATA|peak,2028-W23,27153333.333333332,
BROWN_STORE_NIIGATA|peak,2028-W24,23616666.666666668,
BROWN_STORE_NIIGATA|peak,2028-W25,20080000.0,
BROWN_STORE_NIIGATA|peak,2028-W26,16543333.333333334,
BROWN_STORE_NIIGATA|peak,2028-W27,12953333.333333334,
BROWN_STORE_NIIGATA|peak,2028-W28,9096666.666666666,
BROWN_STORE_NIIGATA|peak,2028-W29,5080000.0,
BROWN_STORE_NIIGATA|peak,2028-W30,1590000.0,
BROWN_STORE_NIIGATA|peak,2028-W43,3876666.6666666665,
BROWN_STORE_NIIGATA|peak,2028-W44,4036666.6666666665,
BROWN_STORE_NIIGATA|peak,2028-W45,20800000.0,
BROWN_STORE_NIIGATA|peak,2028-W46,16493333.333333334,
BROWN_STORE_NIIGATA|peak,2028-W47,11386666.666666666,
BROWN_STORE_NIIGATA|peak,2028-W48,5990000.0,
BROWN_STORE_NIIGATA|peak,2028-W49,1663333.3333333333,
FIELD_HOKKAIDO,2026-W37,8666666.666666666,8666666.666666666
FIELD_HOKKAIDO,2026-W38,8666666.666666666,8666666.666666666
FIELD_HOKKAIDO,2026-W39,8666666.666666666,8666666.666666666
FIELD_HOKKAIDO,2026-W40,8666666.666666666,8666666.666666666
FIELD_HOKKAIDO,2026-W41,8666666.666666666,8666666.666666666
FIELD_HOKKAIDO,2026-W42,8666666.666666666,8666666.666666666
FIELD_HOKKAIDO,2026-W43,8666666.666666666,8666666.666666666
FIELD_HOKKAIDO,2027-W37,8666666.666666666,8666666.666666666
FIELD_HOKKAIDO,2027-W38,8666666.666666666,8666666.666666666
FIELD_HOKKAIDO,2027-W39,8666666.666666666,8666666.666666666
FIELD_HOKKAIDO,2027-W40,8666666.666666666,8666666.666666666
FIELD_HOKKAIDO,2027-W41,8666666.666666666,8666666.666666666
FIELD_HOKKAIDO,2027-W42,8666666.666666666,8666666.666666666
FIELD_HOKKAIDO,2027-W43,8666666.666666666,8666666.666666666
FIELD_HOKKAIDO,2028-W37,1150000.0,8666666.666666666
FIELD_HOKKAIDO,2028-W38,1150000.0,8666666.666666666
FIELD_HOKKAIDO,2028-W39,1163333.3333333333,8666666.666666666
FIELD_HOKKAIDO,2028-W40,1220000.0,8666666.666666666
FIELD_HOKKAIDO,2028-W41,1310000.0,8666666.666666666
FIELD_HOKKAIDO,2028-W42,1570000.0,8666666.666666666
FIELD_HOKKAIDO,2028-W43,3090000.0,8666666.666666666
FIELD_NIIGATA,2026-W41,51666666.666666664,51666666.666666664
FIELD_NIIGATA,2026-W42,51666666.666666664,51666666.666666664
FIELD_NIIGATA,2026-W43,51666666.666666664,51666666.666666664
FIELD_NIIGATA,2027-W41,51666666.666666664,51666666.666666664
FIELD_NIIGATA,2027-W42,51666666.666666664,51666666.666666664
FIELD_NIIGATA,2027-W43,51666666.666666664,51666666.666666664
FIELD_NIIGATA,2028-W41,3876666.6666666665,51666666.666666664
FIELD_NIIGATA,2028-W42,4036666.6666666665,51666666.666666664
FIELD_NIIGATA,2028-W43,20800000.0,51666666.666666664
MILL_E,2026-W42,516666.6666666667,4333333.333333333
MILL_E,2026-W43,516666.6666666667,4333333.333333333
MILL_E,2026-W44,3016666.6666666665,4333333.333333333
MILL_E,2026-W45,3116666.6666666665,4333333.333333333
MILL_E,2026-W46,3263333.3333333335,4333333.333333333
MILL_E,2026-W47,3263333.3333333335,4333333.333333333
MILL_E,2026-W48,3263333.3333333335,4333333.333333333
MILL_E,2026-W49,3263333.3333333335,4333333.333333333
MILL_E,2026-W50,1973333.3333333333,4333333.333333333
MILL_E,2026-W51,1290000.0,4333333.333333333
MILL_E,2026-W52,3263333.3333333335,4333333.333333333
MILL_E,2026-W53,3263333.3333333335,4333333.333333333
MILL_E,2027-W01,3263333.3333333335,4333333.333333333
MILL_E,2027-W02,3263333.3333333335,4333333.333333333
MILL_E,2027-W03,3263333.3333333335,4333333.333333333
MILL_E,2027-W04,3263333.3333333335,4333333.333333333
MILL_E,2027-W05,3263333.3333333335,4333333.333333333
MILL_E,2027-W06,3163333.3333333335,4333333.333333333
MILL_E,2027-W07,3016666.6666666665,4333333.333333333
MILL_E,2027-W08,3016666.6666666665,4333333.333333333
MILL_E,2027-W09,3016666.6666666665,4333333.333333333
MILL_E,2027-W10,3016666.6666666665,4333333.333333333
MILL_E,2027-W11,3046666.6666666665,4333333.333333333
MILL_E,2027-W12,4333333.333333333,4333333.333333333
MILL_E,2027-W13,4333333.333333333,4333333.333333333
MILL_E,2027-W14,4333333.333333333,4333333.333333333
MILL_E,2027-W15,4333333.333333333,4333333.333333333
MILL_E,2027-W16,4333333.333333333,4333333.333333333
MILL_E,2027-W17,2650000.0,4333333.333333333
MILL_E,2027-W20,2780000.0,4333333.333333333
MILL_E,2027-W21,2780000.0,4333333.333333333
MILL_E,2027-W22,2780000.0,4333333.333333333
MILL_E,2027-W23,2780000.0,4333333.333333333
MILL_E,2027-W24,2780000.0,4333333.333333333
MILL_E,2027-W25,2780000.0,4333333.333333333
MILL_E,2027-W26,2780000.0,4333333.333333333
MILL_E,2027-W27,2780000.0,4333333.333333333
MILL_E,2027-W28,2946666.6666666665,4333333.333333333
MILL_E,2027-W29,3200000.0,4333333.333333333
MILL_E,2027-W30,3033333.3333333335,4333333.333333333
MILL_E,2027-W31,4210000.0,4333333.333333333
MILL_E,2027-W33,516666.6666666667,4333333.333333333
MILL_E,2027-W35,516666.6666666667,4333333.333333333
MILL_E,2027-W36,516666.6666666667,4333333.333333333
MILL_E,2027-W37,516666.6666666667,4333333.333333333
MILL_E,2027-W38,516666.6666666667,4333333.333333333
MILL_E,2027-W39,516666.6666666667,4333333.333333333
MILL_E,2027-W40,516666.6666666667,4333333.333333333
MILL_E,2027-W41,516666.6666666667,4333333.333333333
MILL_E,2027-W42,516666.6666666667,4333333.333333333
MILL_E,2027-W43,516666.6666666667,4333333.333333333
MILL_E,2027-W44,4140000.0,4333333.333333333
MILL_E,2027-W45,4333333.333333333,4333333.333333333
MILL_E,2027-W46,4333333.333333333,4333333.333333333
MILL_E,2027-W47,4333333.333333333,4333333.333333333
MILL_E,2027-W48,4333333.333333333,4333333.333333333
MILL_E,2027-W49,4333333.333333333,4333333.333333333
MILL_E,2027-W50,4333333.333333333,4333333.333333333
MILL_E,2027-W52,3263333.3333333335,4333333.333333333
MILL_E,2028-W02,3263333.3333333335,4333333.333333333
MILL_E,2028-W03,3263333.3333333335,4333333.333333333
MILL_E,2028-W04,3263333.3333333335,4333333.333333333
MILL_E,2028-W05,3263333.3333333335,4333333.333333333
MILL_E,2028-W06,3163333.3333333335,4333333.333333333
MILL_E,2028-W07,3016666.6666666665,4333333.333333333
MILL_E,2028-W08,3016666.6666666665,4333333.333333333
MILL_E,2028-W09,3016666.6666666665,4333333.333333333
MILL_E,2028-W10,3016666.6666666665,4333333.333333333
MILL_E,2028-W11,3046666.6666666665,4333333.333333333
MILL_E,2028-W12,4333333.333333333,4333333.333333333
MILL_E,2028-W13,4333333.333333333,4333333.333333333
MILL_E,2028-W14,4333333.333333333,4333333.333333333
MILL_E,2028-W15,4333333.333333333,4333333.333333333
MILL_E,2028-W16,4333333.333333333,4333333.333333333
MILL_E,2028-W17,2650000.0,4333333.333333333
MILL_E,2028-W20,2780000.0,4333333.333333333
MILL_E,2028-W21,2780000.0,4333333.333333333
MILL_E,2028-W22,2780000.0,4333333.333333333
MILL_E,2028-W23,2780000.0,4333333.333333333
MILL_E,2028-W24,2780000.0,4333333.333333333
MILL_E,2028-W25,2780000.0,4333333.333333333
MILL_E,2028-W26,2780000.0,4333333.333333333
MILL_E,2028-W27,2780000.0,4333333.333333333
MILL_E,2028-W28,2946666.6666666665,4333333.333333333
MILL_E,2028-W29,3200000.0,4333333.333333333
MILL_E,2028-W30,3033333.3333333335,4333333.333333333
MILL_E,2028-W31,3046666.6666666665,4333333.333333333
MILL_E,2028-W33,516666.6666666667,4333333.333333333
MILL_E,2028-W35,516666.6666666667,4333333.333333333
MILL_E,2028-W36,516666.6666666667,4333333.333333333
MILL_E,2028-W37,516666.6666666667,4333333.333333333
MILL_E,2028-W38,516666.6666666667,4333333.333333333
MILL_E,2028-W39,516666.6666666667,4333333.333333333
MILL_E,2028-W40,516666.6666666667,4333333.333333333
MILL_E,2028-W41,516666.6666666667,4333333.333333333
MILL_E,2028-W42,516666.6666666667,4333333.333333333
MILL_E,2028-W43,516666.6666666667,4333333.333333333
MILL_E,2028-W44,3016666.6666666665,4333333.333333333
MILL_E,2028-W45,3116666.6666666665,4333333.333333333
MILL_E,2028-W46,3263333.3333333335,4333333.333333333
MILL_E,2028-W47,3786666.6666666665,4333333.333333333
MILL_E,2028-W48,4333333.333333333,4333333.333333333
MILL_E,2028-W49,3956666.6666666665,4333333.333333333
MILL_E,2028-W50,1973333.3333333333,4333333.333333333
MILL_W,2026-W43,633333.3333333334,3333333.3333333335
MILL_W,2026-W44,633333.3333333334,3333333.3333333335
MILL_W,2026-W45,2023333.3333333333,3333333.3333333335
MILL_W,2026-W46,2140000.0,3333333.3333333335
MILL_W,2026-W47,2140000.0,3333333.3333333335
MILL_W,2026-W48,2140000.0,3333333.3333333335
MILL_W,2026-W49,2140000.0,3333333.3333333335
MILL_W,2026-W50,1536666.6666666667,3333333.3333333335
MILL_W,2026-W51,603333.3333333334,3333333.3333333335
MILL_W,2026-W52,2140000.0,3333333.3333333335
MILL_W,2026-W53,2140000.0,3333333.3333333335
MILL_W,2027-W01,2140000.0,3333333.3333333335
MILL_W,2027-W02,2140000.0,3333333.3333333335
MILL_W,2027-W03,2140000.0,3333333.3333333335
MILL_W,2027-W04,2140000.0,3333333.3333333335
MILL_W,2027-W05,2140000.0,3333333.3333333335
MILL_W,2027-W06,2093333.3333333333,3333333.3333333335
MILL_W,2027-W07,1976666.6666666667,3333333.3333333335
MILL_W,2027-W08,1976666.6666666667,3333333.3333333335
MILL_W,2027-W09,1976666.6666666667,3333333.3333333335
MILL_W,2027-W10,1976666.6666666667,3333333.3333333335
MILL_W,2027-W11,1976666.6666666667,3333333.3333333335
MILL_W,2027-W12,1976666.6666666667,3333333.3333333335
MILL_W,2027-W13,2273333.3333333335,3333333.3333333335
MILL_W,2027-W14,3333333.3333333335,3333333.3333333335
MILL_W,2027-W15,3333333.3333333335,3333333.3333333335
MILL_W,2027-W16,3333333.3333333335,3333333.3333333335
MILL_W,2027-W17,1720000.0,3333333.3333333335
MILL_W,2027-W20,1820000.0,3333333.3333333335
MILL_W,2027-W21,1820000.0,3333333.3333333335
MILL_W,2027-W22,1820000.0,3333333.3333333335
MILL_W,2027-W23,1820000.0,3333333.3333333335
MILL_W,2027-W24,1820000.0,3333333.3333333335
MILL_W,2027-W25,1820000.0,3333333.3333333335
MILL_W,2027-W26,1820000.0,3333333.3333333335
MILL_W,2027-W27,1820000.0,3333333.3333333335
MILL_W,2027-W28,1896666.6666666667,3333333.3333333335
MILL_W,2027-W29,2093333.3333333333,3333333.3333333335
MILL_W,2027-W30,2050000.0,3333333.3333333335
MILL_W,2027-W31,3333333.3333333335,3333333.3333333335
MILL_W,2027-W33,633333.3333333334,3333333.3333333335
MILL_W,2027-W35,633333.3333333334,3333333.3333333335
MILL_W,2027-W36,633333.3333333334,3333333.3333333335
MILL_W,2027-W37,633333.3333333334,3333333.3333333335
MILL_W,2027-W38,633333.3333333334,3333333.3333333335
MILL_W,2027-W39,633333.3333333334,3333333.3333333335
MILL_W,2027-W40,633333.3333333334,3333333.3333333335
MILL_W,2027-W41,633333.3333333334,3333333.3333333335
MILL_W,2027-W42,633333.3333333334,3333333.3333333335
MILL_W,2027-W43,633333.3333333334,3333333.3333333335
MILL_W,2027-W44,633333.3333333334,3333333.3333333335
MILL_W,2027-W45,2023333.3333333333,3333333.3333333335
MILL_W,2027-W46,3146666.6666666665,3333333.3333333335
MILL_W,2027-W47,3333333.3333333335,3333333.3333333335
MILL_W,2027-W48,3333333.3333333335,3333333.3333333335
MILL_W,2027-W49,3333333.3333333335,3333333.3333333335
MILL_W,2027-W50,3333333.3333333335,3333333.3333333335
MILL_W,2027-W52,2140000.0,3333333.3333333335
MILL_W,2028-W02,2140000.0,3333333.3333333335
MILL_W,2028-W03,2140000.0,3333333.3333333335
MILL_W,2028-W04,2140000.0,3333333.3333333335
MILL_W,2028-W05,2140000.0,3333333.3333333335
MILL_W,2028-W06,2093333.3333333333,3333333.3333333335
MILL_W,2028-W07,1976666.6666666667,3333333.3333333335
MILL_W,2028-W08,1976666.6666666667,3333333.3333333335
MILL_W,2028-W09,1976666.6666666667,3333333.3333333335
MILL_W,2028-W10,1976666.6666666667,3333333.3333333335
MILL_W,2028-W11,1976666.6666666667,3333333.3333333335
MILL_W,2028-W12,1976666.6666666667,3333333.3333333335
MILL_W,2028-W13,2273333.3333333335,3333333.3333333335
MILL_W,2028-W14,3333333.3333333335,3333333.3333333335
MILL_W,2028-W15,3333333.3333333335,3333333.3333333335
MILL_W,2028-W16,3333333.3333333335,3333333.3333333335
MILL_W,2028-W17,1720000.0,3333333.3333333335
MILL_W,2028-W20,1820000.0,3333333.3333333335
MILL_W,2028-W21,1820000.0,3333333.3333333335
MILL_W,2028-W22,1820000.0,3333333.3333333335
MILL_W,2028-W23,1820000.0,3333333.3333333335
MILL_W,2028-W24,1820000.0,3333333.3333333335
MILL_W,2028-W25,1820000.0,3333333.3333333335
MILL_W,2028-W26,1820000.0,3333333.3333333335
MILL_W,2028-W27,1820000.0,3333333.3333333335
MILL_W,2028-W28,1896666.6666666667,3333333.3333333335
MILL_W,2028-W29,2093333.3333333333,3333333.3333333335
MILL_W,2028-W30,2016666.6666666667,3333333.3333333335
MILL_W,2028-W31,2740000.0,3333333.3333333335
MILL_W,2028-W33,633333.3333333334,3333333.3333333335
MILL_W,2028-W35,633333.3333333334,3333333.3333333335
MILL_W,2028-W36,633333.3333333334,3333333.3333333335
MILL_W,2028-W37,633333.3333333334,3333333.3333333335
MILL_W,2028-W38,633333.3333333334,3333333.3333333335
MILL_W,2028-W39,633333.3333333334,3333333.3333333335
MILL_W,2028-W40,633333.3333333334,3333333.3333333335
MILL_W,2028-W41,633333.3333333334,3333333.3333333335
MILL_W,2028-W42,626666.6666666666,3333333.3333333335
MILL_W,2028-W43,633333.3333333334,3333333.3333333335
MILL_W,2028-W44,633333.3333333334,3333333.3333333335
MILL_W,2028-W45,2023333.3333333333,3333333.3333333335
MILL_W,2028-W46,2140000.0,3333333.3333333335
MILL_W,2028-W47,2353333.3333333335,3333333.3333333335
MILL_W,2028-W48,2890000.0,3333333.3333333335
MILL_W,2028-W49,2676666.6666666665,3333333.3333333335
MILL_W,2028-W50,1536666.6666666667,3333333.3333333335
