product,request_week,on_time,late,early,backlog_end
Koshihikari,2026-W01,0,0,0,1248
Koshihikari,2026-W02,0,0,0,1248
Koshihikari,2026-W03,0,0,0,1248
Koshihikari,2026-W04,0,0,0,1248
Koshihikari,2026-W05,0,0,0,1248
Koshihikari,2026-W06,0,0,0,1248
Koshihikari,2026-W07,0,0,0,1248
Koshihikari,2026-W08,0,0,0,1248
Koshihikari,2026-W09,0,0,0,1153
Koshihikari,2026-W10,0,0,0,1153
Koshihikari,2026-W11,0,0,0,1153
Koshihikari,2026-W12,0,0,0,1153
Koshihikari,2026-W13,0,0,0,1153
Koshihikari,2026-W14,0,0,0,1153
Koshihikari,2026-W15,0,0,0,1153
Koshihikari,2026-W16,0,0,0,1153
Koshihikari,2026-W17,0,0,0,1153
Koshihikari,2026-W18,0,0,0,1153
Koshihikari,2026-W19,0,0,0,1153
Koshihikari,2026-W20,0,0,0,1153
Koshihikari,2026-W21,0,0,0,1153
Koshihikari,2026-W22,0,0,0,1061
Koshihikari,2026-W23,0,0,0,1061
Koshihikari,2026-W24,0,0,0,1061
Koshihikari,2026-W25,0,0,0,1061
Koshihikari,2026-W26,0,0,0,1061
Koshihikari,2026-W27,0,0,0,1061
Koshihikari,2026-W28,0,0,0,1061
Koshihikari,2026-W29,0,0,0,1061
Koshihikari,2026-W30,0,0,0,1061
Koshihikari,2026-W31,0,0,0,1061
Koshihikari,2026-W32,0,0,0,1061
Koshihikari,2026-W33,0,0,0,1061
Koshihikari,2026-W34,0,0,0,1061
Koshihikari,2026-W35,0,0,0,1061
Koshihikari,2026-W36,0,0,0,1153
Koshihikari,2026-W37,0,0,0,1153
Koshihikari,2026-W38,0,0,0,1153
Koshihikari,2026-W39,0,0,0,1153
Koshihikari,2026-W40,0,0,0,1153
Koshihikari,2026-W41,0,0,0,1153
Koshihikari,2026-W42,0,0,0,1153
Koshihikari,2026-W43,0,0,0,1153
Koshihikari,2026-W44,0,0,0,1153
Koshihikari,2026-W45,0,0,0,1153
Koshihikari,2026-W46,462,0,0,691
Koshihikari,2026-W47,1038,0,0,115
Koshihikari,2026-W48,1248,0,0,0
Koshihikari,2026-W49,1248,0,0,0
Koshihikari,2026-W50,1248,0,0,0
Koshihikari,2026-W51,1248,0,0,0
Koshihikari,2026-W52,1248,0,0,0
Koshihikari,2027-W01,1248,0,0,0
Koshihikari,2027-W02,1248,0,0,0
Koshihikari,2027-W03,1248,0,0,0
Koshihikari,2027-W04,1248,0,0,0
Koshihikari,2027-W05,1248,0,0,0
Koshihikari,2027-W06,1248,0,0,0
Koshihikari,2027-W07,1248,0,0,0
Koshihikari,2027-W08,1248,0,0,0
Koshihikari,2027-W09,1153,0,0,0
Koshihikari,2027-W10,1153,0,0,0
Koshihikari,2027-W11,1153,0,0,0
Koshihikari,2027-W12,1153,0,0,0
Koshihikari,2027-W13,1153,0,0,0
Koshihikari,2027-W14,1153,0,0,0
Koshihikari,2027-W15,1153,0,0,0
Koshihikari,2027-W16,1384,0,0,0
Koshihikari,2027-W17,1384,0,0,0
Koshihikari,2027-W18,1153,0,0,0
Koshihikari,2027-W19,1153,0,0,0
Koshihikari,2027-W20,981,0,0,0
Koshihikari,2027-W21,981,0,0,0
Koshihikari,2027-W22,1061,0,0,0
Koshihikari,2027-W23,1061,0,0,0
Koshihikari,2027-W24,1061,0,0,0
Koshihikari,2027-W25,1061,0,0,0
Koshihikari,2027-W26,1061,0,0,0
Koshihikari,2027-W27,1061,0,0,0
Koshihikari,2027-W28,1061,0,0,0
Koshihikari,2027-W29,1061,0,0,0
Koshihikari,2027-W30,1061,0,0,0
Koshihikari,2027-W31,1221,0,0,0
Koshihikari,2027-W32,1221,0,0,0
Koshihikari,2027-W33,1061,0,0,0
Koshihikari,2027-W34,617,0,0,444
Koshihikari,2027-W35,0,0,0,1061
Koshihikari,2027-W36,0,0,0,1153
Koshihikari,2027-W37,0,0,0,1153
Koshihikari,2027-W38,0,0,0,1153
Koshihikari,2027-W39,0,0,0,1153
Koshihikari,2027-W40,0,0,0,1153
Koshihikari,2027-W41,0,0,0,1153
Koshihikari,2027-W42,0,0,0,1153
Koshihikari,2027-W43,0,0,0,1153
Koshihikari,2027-W44,0,0,0,1153
Koshihikari,2027-W45,0,0,0,1153
Koshihikari,2027-W46,462,0,0,691
Koshihikari,2027-W47,1038,0,0,115
Koshihikari,2027-W48,1248,0,0,0
Koshihikari,2027-W49,1248,0,0,0
Koshihikari,2027-W50,1685,0,0,0
Koshihikari,2027-W51,1685,0,0,0
Koshihikari,2027-W52,1248,0,0,0
Koshihikari,2028-W01,1248,0,0,0
Koshihikari,2028-W02,1223,0,0,25
Koshihikari,2028-W03,936,0,0,312
Koshihikari,2028-W04,1248,0,0,0
Koshihikari,2028-W05,1248,0,0,0
Koshihikari,2028-W06,1248,0,0,0
Koshihikari,2028-W07,1248,0,0,0
Koshihikari,2028-W08,1248,0,0,0
Koshihikari,2028-W09,1153,0,0,0
Koshihikari,2028-W10,1153,0,0,0
Koshihikari,2028-W11,1153,0,0,0
Koshihikari,2028-W12,1153,0,0,0
Koshihikari,2028-W13,1153,0,0,0
Koshihikari,2028-W14,1153,0,0,0
Koshihikari,2028-W15,1153,0,0,0
Koshihikari,2028-W16,1384,0,0,0
Koshihikari,2028-W17,1384,0,0,0
Koshihikari,2028-W18,1153,0,0,0
Koshihikari,2028-W19,1153,0,0,0
Koshihikari,2028-W20,981,0,0,0
Koshihikari,2028-W21,981,0,0,0
Koshihikari,2028-W22,1061,0,0,0
Koshihikari,2028-W23,1061,0,0,0
Koshihikari,2028-W24,1061,0,0,0
Koshihikari,2028-W25,1061,0,0,0
Koshihikari,2028-W26,1061,0,0,0
Koshihikari,2028-W27,1061,0,0,0
Koshihikari,2028-W28,1061,0,0,0
Koshihikari,2028-W29,1061,0,0,0
Koshihikari,2028-W30,1061,0,0,0
Koshihikari,2028-W31,1221,0,0,0
Koshihikari,2028-W32,1221,0,0,0
Koshihikari,2028-W33,1061,0,0,0
Koshihikari,2028-W34,80,0,0,981
Koshihikari,2028-W35,0,0,0,1061
Koshihikari,2028-W36,0,0,0,1153
Koshihikari,2028-W37,0,0,0,1153
Koshihikari,2028-W38,0,0,0,1153
Koshihikari,2028-W39,0,0,0,1153
Koshihikari,2028-W40,0,0,0,1153
Koshihikari,2028-W41,0,0,0,1153
Koshihikari,2028-W42,0,0,0,1153
Koshihikari,2028-W43,0,0,0,1153
Koshihikari,2028-W44,0,0,0,1153
Koshihikari,2028-W45,0,0,0,1153
Koshihikari,2028-W46,462,0,0,691
Koshihikari,2028-W47,1038,0,0,115
Koshihikari,2028-W48,1248,0,0,0
Koshihikari,2028-W49,1248,0,0,0
Koshihikari,2028-W50,1685,0,0,0
Koshihikari,2028-W51,1685,0,0,0
Koshihikari,2028-W52,1248,0,0,0
Yumepirika,2026-W01,0,0,0,373
Yumepirika,2026-W02,0,0,0,373
Yumepirika,2026-W03,0,0,0,373
Yumepirika,2026-W04,0,0,0,373
Yumepirika,2026-W05,0,0,0,373
Yumepirika,2026-W06,0,0,0,373
Yumepirika,2026-W07,0,0,0,373
Yumepirika,2026-W08,0,0,0,373
Yumepirika,2026-W09,0,0,0,345
Yumepirika,2026-W10,0,0,0,345
Yumepirika,2026-W11,0,0,0,345
Yumepirika,2026-W12,0,0,0,345
Yumepirika,2026-W13,0,0,0,345
Yumepirika,2026-W14,0,0,0,345
Yumepirika,2026-W15,0,0,0,345
Yumepirika,2026-W16,0,0,0,345
Yumepirika,2026-W17,0,0,0,345
Yumepirika,2026-W18,0,0,0,345
Yumepirika,2026-W19,0,0,0,345
Yumepirika,2026-W20,0,0,0,345
Yumepirika,2026-W21,0,0,0,345
Yumepirika,2026-W22,0,0,0,319
Yumepirika,2026-W23,0,0,0,319
Yumepirika,2026-W24,0,0,0,319
Yumepirika,2026-W25,0,0,0,319
Yumepirika,2026-W26,0,0,0,319
Yumepirika,2026-W27,0,0,0,319
Yumepirika,2026-W28,0,0,0,319
Yumepirika,2026-W29,0,0,0,319
Yumepirika,2026-W30,0,0,0,319
Yumepirika,2026-W31,0,0,0,319
Yumepirika,2026-W32,0,0,0,319
Yumepirika,2026-W33,0,0,0,319
Yumepirika,2026-W34,0,0,0,319
Yumepirika,2026-W35,0,0,0,319
Yumepirika,2026-W36,0,0,0,345
Yumepirika,2026-W37,0,0,0,345
Yumepirika,2026-W38,0,0,0,345
Yumepirika,2026-W39,0,0,0,345
Yumepirika,2026-W40,0,0,0,345
Yumepirika,2026-W41,0,0,0,345
Yumepirika,2026-W42,0,0,0,345
Yumepirika,2026-W43,0,0,0,345
Yumepirika,2026-W44,86,0,0,259
Yumepirika,2026-W45,293,0,0,52
Yumepirika,2026-W46,345,0,0,0
Yumepirika,2026-W47,345,0,0,0
Yumepirika,2026-W48,373,0,0,0
Yumepirika,2026-W49,373,0,0,0
Yumepirika,2026-W50,373,0,0,0
Yumepirika,2026-W51,373,0,0,0
Yumepirika,2026-W52,373,0,0,0
Yumepirika,2027-W01,373,0,0,0
Yumepirika,2027-W02,373,0,0,0
Yumepirika,2027-W03,373,0,0,0
Yumepirika,2027-W04,373,0,0,0
Yumepirika,2027-W05,373,0,0,0
Yumepirika,2027-W06,373,0,0,0
Yumepirika,2027-W07,373,0,0,0
Yumepirika,2027-W08,373,0,0,0
Yumepirika,2027-W09,345,0,0,0
Yumepirika,2027-W10,345,0,0,0
Yumepirika,2027-W11,345,0,0,0
Yumepirika,2027-W12,345,0,0,0
Yumepirika,2027-W13,345,0,0,0
Yumepirika,2027-W14,345,0,0,0
Yumepirika,2027-W15,345,0,0,0
Yumepirika,2027-W16,414,0,0,0
Yumepirika,2027-W17,414,0,0,0
Yumepirika,2027-W18,345,0,0,0
Yumepirika,2027-W19,345,0,0,0
Yumepirika,2027-W20,293,0,0,0
Yumepirika,2027-W21,293,0,0,0
Yumepirika,2027-W22,319,0,0,0
Yumepirika,2027-W23,319,0,0,0
Yumepirika,2027-W24,319,0,0,0
Yumepirika,2027-W25,319,0,0,0
Yumepirika,2027-W26,319,0,0,0
Yumepirika,2027-W27,319,0,0,0
Yumepirika,2027-W28,319,0,0,0
Yumepirika,2027-W29,319,0,0,0
Yumepirika,2027-W30,319,0,0,0
Yumepirika,2027-W31,367,0,0,0
Yumepirika,2027-W32,367,0,0,0
Yumepirika,2027-W33,319,0,0,0
Yumepirika,2027-W34,319,0,0,0
Yumepirika,2027-W35,319,0,0,0
Yumepirika,2027-W36,345,0,0,0
Yumepirika,2027-W37,345,0,0,0
Yumepirika,2027-W38,345,0,0,0
Yumepirika,2027-W39,345,0,0,0
Yumepirika,2027-W40,345,0,0,0
Yumepirika,2027-W41,345,0,0,0
Yumepirika,2027-W42,345,0,0,0
Yumepirika,2027-W43,345,0,0,0
Yumepirika,2027-W44,345,0,0,0
Yumepirika,2027-W45,345,0,0,0
Yumepirika,2027-W46,345,0,0,0
Yumepirika,2027-W47,345,0,0,0
Yumepirika,2027-W48,373,0,0,0
Yumepirika,2027-W49,373,0,0,0
Yumepirika,2027-W50,504,0,0,0
Yumepirika,2027-W51,504,0,0,0
Yumepirika,2027-W52,373,0,0,0
Yumepirika,2028-W01,373,0,0,0
Yumepirika,2028-W02,373,0,0,0
Yumepirika,2028-W03,373,0,0,0
Yumepirika,2028-W04,373,0,0,0
Yumepirika,2028-W05,373,0,0,0
Yumepirika,2028-W06,373,0,0,0
Yumepirika,2028-W07,373,0,0,0
Yumepirika,2028-W08,373,0,0,0
Yumepirika,2028-W09,345,0,0,0
Yumepirika,2028-W10,345,0,0,0
Yumepirika,2028-W11,345,0,0,0
Yumepirika,2028-W12,345,0,0,0
Yumepirika,2028-W13,345,0,0,0
Yumepirika,2028-W14,345,0,0,0
Yumepirika,2028-W15,345,0,0,0
Yumepirika,2028-W16,414,0,0,0
Yumepirika,2028-W17,414,0,0,0
Yumepirika,2028-W18,345,0,0,0
Yumepirika,2028-W19,345,0,0,0
Yumepirika,2028-W20,293,0,0,0
Yumepirika,2028-W21,293,0,0,0
Yumepirika,2028-W22,319,0,0,0
Yumepirika,2028-W23,319,0,0,0
Yumepirika,2028-W24,319,0,0,0
Yumepirika,2028-W25,319,0,0,0
Yumepirika,2028-W26,319,0,0,0
Yumepirika,2028-W27,319,0,0,0
Yumepirika,2028-W28,319,0,0,0
Yumepirika,2028-W29,319,0,0,0
Yumepirika,2028-W30,319,0,0,0
Yumepirika,2028-W31,367,0,0,0
Yumepirika,2028-W32,367,0,0,0
Yumepirika,2028-W33,319,0,0,0
Yumepirika,2028-W34,319,0,0,0
Yumepirika,2028-W35,319,0,0,0
Yumepirika,2028-W36,345,0,0,0
Yumepirika,2028-W37,345,0,0,0
Yumepirika,2028-W38,345,0,0,0
Yumepirika,2028-W39,345,0,0,0
Yumepirika,2028-W40,345,0,0,0
Yumepirika,2028-W41,345,0,0,0
Yumepirika,2028-W42,345,0,0,0
Yumepirika,2028-W43,345,0,0,0
Yumepirika,2028-W44,345,0,0,0
Yumepirika,2028-W45,343,0,0,2
Yumepirika,2028-W46,345,0,0,0
Yumepirika,2028-W47,345,0,0,0
Yumepirika,2028-W48,373,0,0,0
Yumepirika,2028-W49,373,0,0,0
Yumepirika,2028-W50,504,0,0,0
Yumepirika,2028-W51,504,0,0,0
Yumepirika,2028-W52,373,0,0,0
