s_index,s_week,resume_week,old_demand,old_served,old_unallocated,old_advance_lot_weeks,old_advanced_lots,old_relaxation_upper_bound,old_fractional_cells,old_lots_due_after_s,old_demand_due_after_s,new_demand,new_served,new_unallocated,new_advance_lot_weeks,new_advanced_lots,new_relaxation_upper_bound,new_fractional_cells,unallocated_total,advance_lot_weeks_total,elapsed_seconds
96,2027-W27,2027-W31,149145,105627,43518,381475,38965,105627.0,0,18280,61798,293764,293764,0,0,0,293764.0,0,43518,381475,0.55
97,2027-W28,2027-W32,149145,106430,42715,373368,36188,106430.0,0,18093,60808,293764,293764,0,0,0,293764.0,0,42715,373368,0.49
98,2027-W29,2027-W33,149145,107224,41921,365228,39435,107224.0,0,17905,59826,293764,293764,0,0,0,293764.0,0,41921,365228,0.5
99,2027-W30,2027-W34,149145,108009,41136,356929,36991,108009.0,0,17718,58854,293764,293764,0,0,0,293764.0,0,41136,356929,0.48
100,2027-W31,2027-W35,149145,108784,40361,348522,36171,108784.0,0,17530,57891,293764,293764,0,0,0,293764.0,0,40361,348522,0.49
101,2027-W32,2027-W36,149145,109550,39595,339992,35938,109550.0,0,17343,56938,293764,293764,0,0,0,293764.0,0,39595,339992,0.49
102,2027-W33,2027-W37,149145,110304,38841,331261,34845,110304.0,0,17152,55993,293764,293764,0,0,0,293764.0,0,38841,331261,0.52
103,2027-W34,2027-W38,149145,111042,38103,322171,33595,111042.0,0,16955,55058,293764,293764,0,0,0,293764.0,0,38103,322171,0.57
104,2027-W35,2027-W39,149145,111771,37374,313019,32817,111771.0,0,16759,54133,293764,293764,0,0,0,293764.0,0,37374,313019,0.63
105,2027-W36,2027-W40,149145,112491,36654,303991,31273,112491.0,0,16561,53215,293764,293764,0,0,0,293764.0,0,36654,303991,0.59
106,2027-W37,2027-W41,149145,113201,35944,294915,31492,113201.0,0,16364,52308,293764,293764,0,0,0,293764.0,0,35944,294915,0.57
107,2027-W38,2027-W42,149145,113902,35243,285886,30002,113902.0,0,16168,51411,293764,293764,0,0,0,293764.0,0,35243,285886,0.65
108,2027-W39,2027-W43,149145,114594,34551,277048,30211,114594.0,0,15970,50521,293764,293764,0,0,0,293764.0,0,34551,277048,0.67
109,2027-W40,2027-W44,149145,115276,33869,268266,28146,115276.0,0,15772,49641,293764,293764,0,0,0,293764.0,0,33869,268266,0.6
110,2027-W41,2027-W45,149145,115949,33196,259622,26424,115949.0,0,15575,48771,293764,293764,0,0,0,293764.0,0,33196,259622,0.57
111,2027-W42,2027-W46,149145,116614,32531,251230,26693,116614.0,0,15380,47911,293764,293764,0,0,0,293764.0,0,32531,251230,0.63
112,2027-W43,2027-W47,149145,117268,31877,243020,26552,117268.0,0,15181,47058,293764,293764,0,0,0,293764.0,0,31877,243020,0.62
113,2027-W44,2027-W48,149145,117913,31232,235050,25379,117913.0,0,14983,46215,293764,293764,0,0,0,293764.0,0,31232,235050,0.6
114,2027-W45,2027-W49,149145,118550,30595,227395,24986,118550.0,0,14788,45383,293764,293764,0,0,0,293764.0,0,30595,227395,0.52
115,2027-W46,2027-W50,149145,119178,29967,220046,24180,119178.0,0,14591,44558,293764,293764,0,0,0,293764.0,0,29967,220046,0.5
116,2027-W47,2027-W51,149145,119795,29350,212926,22192,119795.0,0,14393,43743,293764,293764,0,0,0,293764.0,0,29350,212926,0.51
117,2027-W48,2027-W52,149145,120403,28742,206182,20081,120403.0,0,14196,42938,293764,293764,0,0,0,293764.0,0,28742,206182,0.52
118,2027-W49,2028-W01,149145,121003,28142,199729,20504,121003.0,0,13999,42141,293764,293764,0,0,0,293764.0,0,28142,199729,0.56
119,2027-W50,2028-W02,149145,121593,27552,193455,20439,121593.0,0,13802,41354,293764,293764,0,0,0,293764.0,0,27552,193455,0.52
120,2027-W51,2028-W03,149145,122173,26972,187431,19956,122173.0,0,13604,40576,293764,293764,0,0,0,293764.0,0,26972,187431,0.5
121,2027-W52,2028-W04,149145,122745,26400,181689,19406,122745.0,0,13408,39808,293764,293764,0,0,0,293764.0,0,26400,181689,0.52
122,2028-W01,2028-W05,149145,123307,25838,176044,17561,123307.0,0,13210,39048,293764,293764,0,0,0,293764.0,0,25838,176044,0.51
123,2028-W02,2028-W06,149145,123860,25285,170734,19536,123860.0,0,13023,38308,293764,293764,0,0,0,293764.0,0,25285,170734,0.53
124,2028-W03,2028-W07,149145,124404,24741,165518,17933,124404.0,0,12835,37576,293764,293764,0,0,0,293764.0,0,24741,165518,0.58
125,2028-W04,2028-W08,149145,124939,24206,160557,17462,124939.0,0,12648,36854,293764,293764,0,0,0,293764.0,0,24206,160557,0.57
126,2028-W05,2028-W09,149145,125464,23681,155680,17170,125464.0,0,12460,36141,293764,293764,0,0,0,293764.0,0,23681,155680,0.62
127,2028-W06,2028-W10,149145,125980,23165,151027,15580,125980.0,0,12273,35438,293764,293764,0,0,0,293764.0,0,23165,151027,0.61
128,2028-W07,2028-W11,149145,126485,22660,146406,15352,126485.0,0,12083,34743,293764,293764,0,0,0,293764.0,0,22660,146406,0.97
129,2028-W08,2028-W12,149145,126976,22169,141875,15022,126976.0,0,11889,34058,293764,293764,0,0,0,293764.0,0,22169,141875,0.6
130,2028-W09,2028-W13,149145,127461,21684,137475,14862,127461.0,0,11699,33383,293764,293764,0,0,0,293764.0,0,21684,137475,0.56
131,2028-W10,2028-W14,149145,127940,21205,133455,13800,127940.0,0,11510,32715,293764,293764,0,0,0,293764.0,0,21205,133455,0.68
132,2028-W11,2028-W15,149145,128413,20732,129536,13972,128413.0,0,11326,32058,293764,293764,0,0,0,293764.0,0,20732,129536,0.54
133,2028-W12,2028-W16,149145,128879,20266,125827,12973,128879.0,0,11145,31411,293764,293764,0,0,0,293764.0,0,20266,125827,0.62
134,2028-W13,2028-W17,149145,129337,19808,122263,13251,129337.0,0,10963,30771,293764,293764,0,0,0,293764.0,0,19808,122263,0.55
135,2028-W14,2028-W18,149145,129790,19355,118811,13480,129790.0,0,10786,30141,293764,293764,0,0,0,293764.0,0,19355,118811,0.55
136,2028-W15,2028-W19,149145,130236,18909,115587,12221,130236.0,0,10612,29521,293764,293764,0,0,0,293764.0,0,18909,115587,0.54
137,2028-W16,2028-W20,149145,130677,18468,112534,11406,130677.0,0,10443,28911,293764,293764,0,0,0,293764.0,0,18468,112534,0.56
138,2028-W17,2028-W21,149145,131110,18035,109497,11398,131110.0,0,10273,28308,293764,293764,0,0,0,293764.0,0,18035,109497,0.55
139,2028-W18,2028-W22,149145,131536,17609,106615,11908,131536.0,0,10106,27715,293764,293764,0,0,0,293764.0,0,17609,106615,0.56
140,2028-W19,2028-W23,149145,131956,17189,103912,10653,131956.0,0,9944,27133,293764,293764,0,0,0,293764.0,0,17189,103912,0.56
141,2028-W20,2028-W24,149145,132370,16775,101270,10793,132370.0,0,9783,26558,293764,293749,15,0,0,293749.0,0,16790,101270,0.55
142,2028-W21,2028-W25,149145,132778,16367,98686,10542,132778.0,0,9626,25993,293764,293678,86,0,0,293678.0,0,16453,98686,0.57
143,2028-W22,2028-W26,149145,133179,15966,96295,10934,133179.0,0,9472,25438,293764,293552,212,0,0,293552.0,0,16178,96295,0.57
144,2028-W23,2028-W27,149145,133574,15571,93994,9136,133574.0,0,9320,24891,293764,293369,395,0,0,293369.0,0,15966,93994,0.6
145,2028-W24,2028-W28,149145,133962,15183,91713,9554,133962.0,0,9171,24354,293764,293131,633,0,0,293131.0,0,15816,91713,0.56
146,2028-W25,2028-W29,149145,134343,14802,89449,9569,134343.0,0,9024,23826,293764,292838,926,0,0,292838.0,0,15728,89449,0.57
147,2028-W26,2028-W30,149145,134719,14426,87343,9367,134719.0,0,8882,23308,293764,292490,1274,0,0,292490.0,0,15700,87343,0.57
148,2028-W27,2028-W31,149145,135087,14058,85316,8783,135087.0,0,8740,22798,293764,292084,1680,0,0,292084.0,0,15738,85316,0.56
149,2028-W28,2028-W32,149145,135450,13695,83345,8807,135450.0,0,8610,22305,293764,291624,2140,0,0,291624.0,0,15835,83345,0.57
150,2028-W29,2028-W33,149145,135805,13340,81354,8319,135805.0,0,8478,21818,293764,291109,2655,0,0,291109.0,0,15995,81354,0.63
151,2028-W30,2028-W34,149145,136154,12991,79389,8094,136154.0,0,8347,21338,293764,290538,3226,0,0,290538.0,0,16217,79389,0.62
152,2028-W31,2028-W35,149145,136496,12649,77478,7704,136496.0,0,8214,20863,293764,289912,3852,0,0,289912.0,0,16501,77478,0.64
153,2028-W32,2028-W36,149145,136832,12313,75686,8061,136832.0,0,8082,20395,293764,289229,4535,0,0,289229.0,0,16848,75686,0.6
154,2028-W33,2028-W37,149145,137161,11984,73882,7917,137161.0,0,7951,19935,293764,288491,5273,0,0,288491.0,0,17257,73882,0.61
155,2028-W34,2028-W38,149145,137479,11666,71975,7467,137479.0,0,7814,19480,293764,287698,6066,0,0,287698.0,0,17732,71975,0.6
156,2028-W35,2028-W39,149145,137793,11352,70131,7087,137793.0,0,7681,19033,293764,286850,6914,0,0,286850.0,0,18266,70131,0.62
157,2028-W36,2028-W40,149145,138102,11043,68324,6940,138102.0,0,7547,18590,293764,285944,7820,0,0,285944.0,0,18863,68324,0.63
158,2028-W37,2028-W41,149145,138408,10737,66607,7051,138408.0,0,7418,18155,293764,284984,8780,0,0,284984.0,0,19517,66607,0.59
159,2028-W38,2028-W42,149145,138709,10436,65057,6972,138709.0,0,7291,17727,293764,283969,9795,0,0,283969.0,0,20231,65057,0.61
160,2028-W39,2028-W43,149145,139005,10140,63537,6768,139005.0,0,7165,17305,293764,282898,10866,0,0,282898.0,0,21006,63537,0.6
161,2028-W40,2028-W44,149145,139296,9849,62044,7045,139296.0,0,7041,16890,293764,281772,11992,0,0,281772.0,0,21841,62044,0.58
162,2028-W41,2028-W45,149145,139582,9563,60576,6427,139582.0,0,6917,16480,293764,280589,13175,0,0,280589.0,0,22738,60576,0.61
163,2028-W42,2028-W46,149145,139863,9282,59132,5996,139863.0,0,6795,16077,293764,279351,14413,0,0,279351.0,0,23695,59132,0.66
164,2028-W43,2028-W47,149145,140140,9005,57733,6503,140140.0,0,6675,15680,293764,278058,15706,0,0,278058.0,0,24711,57733,0.76
165,2028-W44,2028-W48,149145,140414,8731,56399,5929,140414.0,0,6559,15290,293764,276710,17054,0,0,276710.0,0,25785,56399,0.6
166,2028-W45,2028-W49,149145,140682,8463,55142,6138,140682.0,0,6445,14908,293764,275304,18460,0,0,275304.0,0,26923,55142,0.59
167,2028-W46,2028-W50,149145,140946,8199,53966,6086,140946.0,0,6331,14530,293764,273836,19928,0,0,273836.0,0,28127,53966,0.6
168,2028-W47,2028-W51,149145,141204,7941,52781,5805,141204.0,0,6219,14160,293764,272301,21463,0,0,272301.0,0,29404,52781,0.61
169,2028-W48,2028-W52,149145,141458,7687,51630,5710,141458.0,0,6108,13795,293764,270738,23026,0,0,270738.0,0,30713,51630,0.6
170,2028-W49,2029-W01,149145,141707,7438,50488,5301,141707.0,0,6000,13438,293764,269148,24616,0,0,269148.0,0,32054,50488,0.62
171,2028-W50,2029-W02,149145,141953,7192,49397,5237,141953.0,0,5896,13088,293764,267530,26234,0,0,267530.0,0,33426,49397,0.63
172,2028-W51,2029-W03,149145,142194,6951,48310,5309,142194.0,0,5792,12743,293764,265882,27882,0,0,265882.0,0,34833,48310,0.65
173,2028-W52,2029-W04,149145,142430,6715,47226,5263,142430.0,0,5691,12406,293764,264206,29558,0,0,264206.0,0,36273,47226,0.62
174,2029-W01,2029-W05,149145,142661,6484,46143,5060,142661.0,0,5590,12074,293764,262504,31260,0,0,262504.0,0,37744,46143,0.6
175,2029-W02,2029-W06,149145,142887,6258,45086,5046,142887.0,0,5496,11754,293764,260774,32990,0,0,260774.0,0,39248,45086,0.63
176,2029-W03,2029-W07,149145,143108,6037,44098,4665,143108.0,0,5402,11439,293764,259016,34748,0,0,259016.0,0,40785,44098,0.62
177,2029-W04,2029-W08,149145,143325,5820,43123,4908,143325.0,0,5309,11129,293764,257231,36533,0,0,257231.0,0,42353,43123,0.69
178,2029-W05,2029-W09,149145,143539,5606,42180,4582,143539.0,0,5216,10822,293764,255418,38346,0,0,255418.0,0,43952,42180,0.68
179,2029-W06,2029-W10,149145,143747,5398,41209,4219,143747.0,0,5121,10519,293764,253578,40186,0,0,253578.0,0,45584,41209,0.67
180,2029-W07,2029-W11,149145,143950,5195,40231,4244,143950.0,0,5027,10222,293764,251710,42054,0,0,251710.0,0,47249,40231,0.69
181,2029-W08,2029-W12,149145,144146,4999,39206,4277,144146.0,0,4930,9929,293764,249812,43952,0,0,249812.0,0,48951,39206,0.68
182,2029-W09,2029-W13,149145,144338,4807,38196,4212,144338.0,0,4835,9642,293764,247886,45878,0,0,247886.0,0,50685,38196,0.68
183,2029-W10,2029-W14,149145,144527,4618,37220,4030,144527.0,0,4742,9360,293764,245934,47830,0,0,245934.0,0,52448,37220,0.68
184,2029-W11,2029-W15,149145,144711,4434,36236,4030,144711.0,0,4648,9082,293764,243954,49810,0,0,243954.0,0,54244,36236,0.72
185,2029-W12,2029-W16,149145,144892,4253,35285,3948,144892.0,0,4554,8807,293764,241946,51818,0,0,241946.0,0,56071,35285,0.73
186,2029-W13,2029-W17,149145,145069,4076,34347,3763,145069.0,0,4461,8537,293764,239911,53853,0,0,239911.0,0,57929,34347,0.68
187,2029-W14,2029-W18,149145,145243,3902,33457,3877,145243.0,0,4370,8272,293764,237848,55916,0,0,237848.0,0,59818,33457,0.71
188,2029-W15,2029-W19,149145,145412,3733,32629,3591,145412.0,0,4279,8012,293764,235758,58006,0,0,235758.0,0,61739,32629,0.85
189,2029-W16,2029-W20,149145,145579,3566,31848,3511,145579.0,0,4191,7757,293764,233640,60124,0,0,233640.0,0,63690,31848,0.83
190,2029-W17,2029-W21,149145,145741,3404,31054,3311,145741.0,0,4103,7507,293764,231492,62272,0,0,231492.0,0,65676,31054,0.62
191,2029-W18,2029-W22,149145,145899,3246,30268,3490,145899.0,0,4014,7260,293764,229316,64448,0,0,229316.0,0,67694,30268,0.64
192,2029-W19,2029-W23,149145,146054,3091,29508,3331,146054.0,0,3926,7017,293764,227114,66650,0,0,227114.0,0,69741,29508,0.65
193,2029-W20,2029-W24,149145,146205,2940,28753,3185,146205.0,0,3840,6780,293764,224879,68885,0,0,224879.0,0,71825,28753,0.9
194,2029-W21,2029-W25,149145,146352,2793,28002,3094,146352.0,0,3755,6548,293764,222606,71158,0,0,222606.0,0,73951,28002,0.72
195,2029-W22,2029-W26,149145,146495,2650,27254,2956,146495.0,0,3670,6320,293764,220314,73450,0,0,220314.0,0,76100,27254,0.67
196,2029-W23,2029-W27,149145,146634,2511,26508,2923,146634.0,0,3587,6098,293764,218003,75761,0,0,218003.0,0,78272,26508,0.64
197,2029-W24,2029-W28,149145,146770,2375,25783,2957,146770.0,0,3505,5880,293764,215673,78091,0,0,215673.0,0,80466,25783,0.75
198,2029-W25,2029-W29,149145,146901,2244,25041,2755,146901.0,0,3421,5665,293764,213325,80439,0,0,213325.0,0,82683,25041,0.67
199,2029-W26,2029-W30,149145,147030,2115,24338,2754,147030.0,0,3340,5455,293764,210960,82804,0,0,210960.0,0,84919,24338,0.67
200,2029-W27,2029-W31,149145,147154,1991,23614,2764,147154.0,0,3259,5250,293764,208575,85189,0,0,208575.0,0,87180,23614,0.71
201,2029-W28,2029-W32,149145,147275,1870,22905,2689,147275.0,0,3183,5053,293764,206172,87592,0,0,206172.0,0,89462,22905,0.66
202,2029-W29,2029-W33,149145,147392,1753,22202,2677,147392.0,0,3107,4860,293764,203749,90015,0,0,203749.0,0,91768,22202,0.65
203,2029-W30,2029-W34,149145,147506,1639,21573,2518,147506.0,0,3031,4670,293764,201309,92455,0,0,201309.0,0,94094,21573,0.65
204,2029-W31,2029-W35,149145,147615,1530,20921,2407,147615.0,0,2955,4485,293764,198851,94913,0,0,198851.0,0,96443,20921,0.66
205,2029-W32,2029-W36,149145,147721,1424,20283,2309,147721.0,0,2879,4303,293764,196374,97390,0,0,196374.0,0,98814,20283,0.66
206,2029-W33,2029-W37,149145,147823,1322,19641,2298,147823.0,0,2803,4125,293764,193878,99886,0,0,193878.0,0,101208,19641,0.66
207,2029-W34,2029-W38,149145,147922,1223,19012,2291,147922.0,0,2727,3950,293764,191363,102401,0,0,191363.0,0,103624,19012,0.68
208,2029-W35,2029-W39,149145,148017,1128,18379,2119,148017.0,0,2652,3780,293764,188830,104934,0,0,188830.0,0,106062,18379,0.69
209,2029-W36,2029-W40,149145,148109,1036,17759,2055,148109.0,0,2576,3612,293764,186278,107486,0,0,186278.0,0,108522,17759,0.67
210,2029-W37,2029-W41,149145,148196,949,17115,2033,148196.0,0,2500,3449,293764,183708,110056,0,0,183708.0,0,111005,17115,0.67
211,2029-W38,2029-W42,149145,148280,865,16485,1975,148280.0,0,2424,3289,293764,181120,112644,0,0,181120.0,0,113509,16485,0.68
212,2029-W39,2029-W43,149145,148360,785,15850,1865,148360.0,0,2349,3134,293764,178512,115252,0,0,178512.0,0,116037,15850,0.66
213,2029-W40,2029-W44,149145,148436,709,15210,1802,148436.0,0,2272,2981,293764,175887,117877,0,0,175887.0,0,118586,15210,0.69
214,2029-W41,2029-W45,149145,148507,638,14547,1737,148507.0,0,2196,2834,293764,173242,120522,0,0,173242.0,0,121160,14547,0.7
215,2029-W42,2029-W46,149145,148575,570,13898,1674,148575.0,0,2119,2689,293764,170580,123184,0,0,170580.0,0,123754,13898,0.68
216,2029-W43,2029-W47,149145,148639,506,13245,1609,148639.0,0,2043,2549,293764,167899,125865,0,0,167899.0,0,126371,13245,0.7
217,2029-W44,2029-W48,149145,148700,445,12605,1546,148700.0,0,1967,2412,293764,165199,128565,0,0,165199.0,0,129010,12605,0.69
218,2029-W45,2029-W49,149145,148756,389,11943,1481,148756.0,0,1891,2280,293764,162481,131283,0,0,162481.0,0,131672,11943,0.68
219,2029-W46,2029-W50,149145,148809,336,11295,1417,148809.0,0,1814,2150,293764,159744,134020,0,0,159744.0,0,134356,11295,0.68
220,2029-W47,2029-W51,149145,148858,287,10643,1352,148858.0,0,1738,2025,293764,156987,136777,0,0,156987.0,0,137064,10643,0.67
221,2029-W48,2029-W52,149145,148903,242,10028,1288,148903.0,0,1661,1903,293764,154206,139558,0,0,154206.0,0,139800,10028,0.46
222,2029-W49,2030-W01,149145,148945,200,9454,1224,148945.0,0,1585,1785,293764,151402,142362,0,0,151402.0,0,142562,9454,0.47
223,2029-W50,2030-W02,149145,148982,163,8859,1159,148982.0,0,1507,1670,293764,148573,145191,0,0,148573.0,0,145354,8859,0.47
224,2029-W51,2030-W03,149145,149016,129,8278,1094,149016.0,0,1431,1560,293764,145720,148044,0,0,145720.0,0,148173,8278,0.47
225,2029-W52,2030-W04,149145,149046,99,7694,1029,149046.0,0,1354,1453,293764,142844,150920,0,0,142844.0,0,151019,7694,0.47
226,2030-W01,2030-W05,149145,149072,73,7107,963,149072.0,0,1277,1350,293764,139943,153821,0,0,139943.0,0,153894,7107,0.48
227,2030-W02,2030-W06,149145,149093,52,6501,897,149093.0,0,1198,1250,293764,137018,156746,0,0,137018.0,0,156798,6501,0.48
228,2030-W03,2030-W07,149145,149111,34,5910,831,149111.0,0,1120,1154,293764,134068,159696,0,0,134068.0,0,159730,5910,0.49
229,2030-W04,2030-W08,149145,149125,20,5317,765,149125.0,0,1041,1061,293764,131095,162669,0,0,131095.0,0,162689,5317,0.47
230,2030-W05,2030-W09,149145,149136,9,4739,700,149136.0,0,964,973,293764,128098,165666,0,0,128098.0,0,165675,4739,0.47
231,2030-W06,2030-W10,149145,149142,3,4141,635,149142.0,0,885,888,293764,125076,168688,0,0,125076.0,0,168691,4141,0.48
232,2030-W07,2030-W11,149145,149145,0,3557,570,149145.0,0,807,807,293764,122031,171733,0,0,122031.0,0,171733,3557,0.48
233,2030-W08,2030-W12,149145,149145,0,2987,506,149145.0,0,729,729,293764,118962,174802,0,0,118962.0,0,174802,2987,0.48
234,2030-W09,2030-W13,149145,149145,0,2481,445,149145.0,0,657,657,293764,115868,177896,0,0,115868.0,0,177896,2481,0.5
235,2030-W10,2030-W14,149145,149145,0,2036,389,149145.0,0,588,588,293764,112751,181013,0,0,112751.0,0,181013,2036,0.49
236,2030-W11,2030-W15,149145,149145,0,1647,336,149145.0,0,523,523,293764,109610,184154,0,0,109610.0,0,184154,1647,0.48
237,2030-W12,2030-W16,149145,149145,0,1311,287,149145.0,0,461,461,293764,106445,187319,0,0,106445.0,0,187319,1311,0.47
238,2030-W13,2030-W17,149145,149145,0,1024,242,149145.0,0,404,404,293764,103256,190508,0,0,103256.0,0,190508,1024,0.48
239,2030-W14,2030-W18,149145,149145,0,782,200,149145.0,0,350,350,293764,100042,193722,0,0,100042.0,0,193722,782,0.48
240,2030-W15,2030-W19,149145,149145,0,582,163,149145.0,0,300,300,293764,96805,196959,0,0,96805.0,0,196959,582,0.48
241,2030-W16,2030-W20,149145,149145,0,419,129,149145.0,0,254,254,293764,93543,200221,0,0,93543.0,0,200221,419,0.47
242,2030-W17,2030-W21,149145,149145,0,290,99,149145.0,0,211,211,293764,90257,203507,0,0,90257.0,0,203507,290,0.47
243,2030-W18,2030-W22,149145,149145,0,191,73,149145.0,0,173,173,293764,86947,206817,0,0,86947.0,0,206817,191,0.48
244,2030-W19,2030-W23,149145,149145,0,118,52,149145.0,0,138,138,293764,83613,210151,0,0,83613.0,0,210151,118,0.48
245,2030-W20,2030-W24,149145,149145,0,66,34,149145.0,0,107,107,293764,80256,213508,0,0,80256.0,0,213508,66,0.62
246,2030-W21,2030-W25,149145,149145,0,32,20,149145.0,0,79,79,293764,76888,216876,0,0,76888.0,0,216876,32,0.49
247,2030-W22,2030-W26,149145,149145,0,12,9,149145.0,0,57,57,293764,73543,220221,0,0,73543.0,0,220221,12,0.47
248,2030-W23,2030-W27,149145,149145,0,3,3,149145.0,0,38,38,293764,70217,223547,0,0,70217.0,0,223547,3,0.48
249,2030-W24,2030-W28,149145,149145,0,0,0,149145.0,0,23,23,293764,66912,226852,0,0,66912.0,0,226852,0,0.47
250,2030-W25,2030-W29,149145,149145,0,0,0,149145.0,0,11,11,293764,63626,230138,0,0,63626.0,0,230138,0,0.48
251,2030-W26,2030-W30,149145,149145,0,0,0,149145.0,0,4,4,293764,60360,233404,0,0,60360.0,0,233404,0,0.48
252,2030-W27,2030-W31,149145,149145,0,0,0,149145.0,0,0,0,293764,57114,236650,0,0,57114.0,0,236650,0,0.48
