warmup_lt,kind,key,lots
0,stuck_node,capacity: SP_Phone16 [Phone16] supply_point/pull,38007
0,stuck_node,capacity: SP_Phone15 [Phone15] supply_point/pull,27267
0,stuck_node,horizon_edge(start): EMS_A_CN [Phone16] mom/pull,5600
0,stuck_node,horizon_edge(start): EMS_A_CN_i15 [Phone15] mom/pull,4500
0,stuck_node,horizon_edge(start): DC_AMER [Phone16] dad/pull,2700
0,stuck_node,horizon_edge(start): EMS_A_IN [Phone16] mom/pull,2700
0,stuck_node,horizon_edge(start): DC_EMEA [Phone16] dad/pull,2520
0,stuck_node,horizon_edge(start): DC_APAC [Phone16] dad/pull,2160
0,stuck_node,horizon_edge(start): Retail_AMER [Phone16] leaf_out/pull,1800
0,stuck_node,horizon_edge(start): Foundry_A_TW [Phone16] mom/pull,1600
0,stuck_node,horizon_edge(start): Retail_APAC [Phone16] leaf_out/pull,1440
0,stuck_node,horizon_edge(start): Retail_EMEA [Phone16] leaf_out/pull,1260
0,first_fail_node,cap: EMS_A_CN [Phone16],38007
0,first_fail_node,cap: EMS_A_CN_i15 [Phone15],27267
0,first_fail_node,lt: Foundry_A_TW [Phone16],5600
0,first_fail_node,lt: Foundry_A_TW_i15 [Phone15],4500
0,first_fail_node,lt: DC_AMER [Phone16],2700
0,first_fail_node,lt: Sensor_A_IN [Phone16],2700
0,first_fail_node,lt: DC_EMEA [Phone16],2520
0,first_fail_node,lt: DC_APAC [Phone16],2160
0,first_fail_node,lt: Retail_AMER [Phone16],1800
0,first_fail_node,lt: SiliconWafer_TW [Phone16],1600
0,first_fail_node,lt: Retail_APAC [Phone16],1440
0,first_fail_node,lt: Retail_EMEA [Phone16],1260
0,flag_combination,past_due_cap,58124
0,flag_combination,past_due_lt|before_first_supply,32560
0,flag_combination,past_due_cap|before_first_supply,7150
0,min_missing_weeks,1,10000
0,min_missing_weeks,2,10000
0,min_missing_weeks,3,5450
0,min_missing_weeks,4,2210
0,min_missing_weeks,5,1300
0,min_missing_weeks,6,1300
0,min_missing_weeks,7,1300
0,min_missing_weeks,8,500
0,min_missing_weeks,9,500
17,stuck_node,capacity: SP_Phone16 [Phone16] supply_point/pull,31787
17,stuck_node,capacity: SP_Phone15 [Phone15] supply_point/pull,24047
17,stuck_node,horizon_edge(start): EMS_A_CN [Phone16] mom/pull,5600
17,stuck_node,horizon_edge(start): EMS_A_CN_i15 [Phone15] mom/pull,4500
17,stuck_node,horizon_edge(start): Foundry_A_TW [Phone16] mom/pull,1600
17,stuck_node,horizon_edge(start): Foundry_A_TW_i15 [Phone15] mom/pull,1000
17,first_fail_node,cap: EMS_A_CN [Phone16],31787
17,first_fail_node,cap: EMS_A_CN_i15 [Phone15],24047
17,first_fail_node,lt: Foundry_A_TW [Phone16],5600
17,first_fail_node,lt: Foundry_A_TW_i15 [Phone15],4500
17,first_fail_node,lt: SiliconWafer_TW [Phone16],1600
17,first_fail_node,lt: SiliconWafer_TW_i15 [Phone15],1000
17,flag_combination,past_due_cap,55834
17,flag_combination,past_due_lt|mom_cap_pushback|before_first_supply,12700
17,min_missing_weeks,1,2600
17,min_missing_weeks,2,2600
17,min_missing_weeks,3,1300
17,min_missing_weeks,4,1300
17,min_missing_weeks,5,1300
17,min_missing_weeks,6,1300
17,min_missing_weeks,7,1300
17,min_missing_weeks,8,500
17,min_missing_weeks,9,500
26,stuck_node,capacity: SP_Phone16 [Phone16] supply_point/pull,24587
26,stuck_node,capacity: SP_Phone15 [Phone15] supply_point/pull,19547
26,stuck_node,horizon_edge(start): EMS_A_CN [Phone16] mom/pull,5600
26,stuck_node,horizon_edge(start): EMS_A_CN_i15 [Phone15] mom/pull,4500
26,stuck_node,horizon_edge(start): Foundry_A_TW [Phone16] mom/pull,1600
26,stuck_node,horizon_edge(start): Foundry_A_TW_i15 [Phone15] mom/pull,1000
26,first_fail_node,cap: EMS_A_CN [Phone16],24587
26,first_fail_node,cap: EMS_A_CN_i15 [Phone15],19547
26,first_fail_node,lt: Foundry_A_TW [Phone16],5600
26,first_fail_node,lt: Foundry_A_TW_i15 [Phone15],4500
26,first_fail_node,lt: SiliconWafer_TW [Phone16],1600
26,first_fail_node,lt: SiliconWafer_TW_i15 [Phone15],1000
26,flag_combination,past_due_cap,44134
26,flag_combination,past_due_lt|mom_cap_pushback|before_first_supply,12700
26,min_missing_weeks,1,2600
26,min_missing_weeks,2,2600
26,min_missing_weeks,3,1300
26,min_missing_weeks,4,1300
26,min_missing_weeks,5,1300
26,min_missing_weeks,6,1300
26,min_missing_weeks,7,1300
26,min_missing_weeks,8,500
26,min_missing_weeks,9,500
