model,mode,supply_duplicate_ids,flow_check_ng,flow_check_na,kitting_assemblies,kitting_ng,headless_warning,demand,on_time,late,backlog_end
Cookie-jp-2026,identity,0,0,0,0,0,False,141990,141990,0,0
apparel-global-2028-2029,identity,0,0,0,0,0,False,181526,181526,0,0
apparel-us-2026,identity,0,0,0,0,0,False,249172,249172,0,0
bom-test-2026,identity,0,0,1,1,0,False,100,100,0,0
ev-europe-2026,identity,0,0,2,2,0,False,53140,53140,0,0
ev-thailand-2026,identity,0,0,0,0,0,False,63240,63240,0,0
smartphone-global-2026-2029,identity,0,0,0,0,0,False,470924,414090,0,56834
oil-global-2027,identity,0,0,0,0,0,False,191058,191029,0,29
rice-japan-2027-2028,legacy,0,0,18,0,0,False,235316,235316,0,0
smartx-2027-2029,identity,0,0,0,0,0,False,709811,693738,16073,0
soysauce-eu-2027,identity,0,0,0,0,0,False,100501,100501,0,0
soysauce-jpy-2027,identity,0,0,0,0,0,False,100501,100501,0,0
soysauce-us-2027,identity,0,0,0,0,0,False,100500,100500,0,0
Cookie-jp-2026,legacy,0,0,7,0,0,False,141990,141990,0,0
ev-thailand-2026,legacy,0,0,6,0,0,False,63240,63240,0,0
soysauce-jpy-2027,legacy,0,0,10,0,0,False,100501,100501,0,0
ev-thailand-2026_update,identity,0,0,1,1,0,False,63240,63240,0,0
soysauce-jpy-2027-alloc,identity,0,0,0,0,0,False,100501,75291,0,25210
