node_id,node_name,node_type,lat,lon,sku_id,region,description
SP_iPhone16,SP_iPhone16,supply_point,34.6937,135.5023,,,"iPhone16 Supply Point Bridge"
SP_iPhone15,SP_iPhone15,supply_point,34.6937,135.5023,,,"iPhone15 Supply Point Bridge"
SP_iPhone17,SP_iPhone17,supply_point,34.6937,135.5023,,,"iPhone17 Supply Point Bridge"
Foxconn_CN,Foxconn_CN,mother_plant,34.7466,113.6253,,CN,"Final Assembly — Foxconn Zhengzhou"
Foxconn_CN_i15,Foxconn_CN_i15,mother_plant,34.7466,113.6253,iPhone15,CN,"Final Assembly — Foxconn Zhengzhou（iPhone15。Foxconn_CN と同じ地点）"
Foxconn_CN_i17,Foxconn_CN_i17,mother_plant,34.7466,113.6253,iPhone17,CN,"Final Assembly — Foxconn Zhengzhou（iPhone17。Foxconn_CN と同じ地点）"
Foxconn_IN,Foxconn_IN,mother_plant,18.5204,73.8567,,IN,"Final Assembly — Foxconn Pune (India)"
TSMC_TW,TSMC_TW,sku_supplier,24.7881,120.9970,iPhone16,TW,"A18 SoC Wafer Fab"
TSMC_TW_i15,TSMC_TW_i15,sku_supplier,23.0013,120.2140,iPhone15,TW,"A16 SoC Wafer Fab"
TSMC_TW_i17,TSMC_TW_i17,sku_supplier,24.7881,120.9970,iPhone17,TW,"A19 SoC Wafer Fab"
SiliconWafer_TW,SiliconWafer_TW,sku_supplier,25.0330,121.5654,,TW,"Silicon Wafer Supplier"
SiliconWafer_TW_i15,SiliconWafer_TW_i15,sku_supplier,25.0330,121.5654,,TW,"Silicon Wafer (iPhone15)"
SiliconWafer_TW_i17,SiliconWafer_TW_i17,sku_supplier,25.0330,121.5654,,TW,"Silicon Wafer (iPhone17)"
BoschSensor_IN,BoschSensor_IN,sku_supplier,12.9716,77.5946,,IN,"Sensors & Modules India"
DC_AMER,DC_AMER,region_dc,33.9425,-118.4081,,AMER,"Americas DC Los Angeles"
DC_AMER_i15,DC_AMER_i15,region_dc,33.9425,-118.4081,iPhone15,AMER,"Americas DC Los Angeles（iPhone15。DC_AMER と同じ地点）"
DC_AMER_i17,DC_AMER_i17,region_dc,33.9425,-118.4081,iPhone17,AMER,"Americas DC Los Angeles（iPhone17。DC_AMER と同じ地点）"
DC_EMEA,DC_EMEA,region_dc,52.3676,4.9041,,EMEA,"EMEA DC Amsterdam"
DC_EMEA_i15,DC_EMEA_i15,region_dc,52.3676,4.9041,iPhone15,EMEA,"EMEA DC Amsterdam（iPhone15。DC_EMEA と同じ地点）"
DC_EMEA_i17,DC_EMEA_i17,region_dc,52.3676,4.9041,iPhone17,EMEA,"EMEA DC Amsterdam（iPhone17。DC_EMEA と同じ地点）"
DC_APAC,DC_APAC,region_dc,1.3521,103.8198,,APAC,"APAC DC Singapore"
DC_APAC_i15,DC_APAC_i15,region_dc,1.3521,103.8198,iPhone15,APAC,"APAC DC Singapore（iPhone15。DC_APAC と同じ地点）"
DC_APAC_i17,DC_APAC_i17,region_dc,1.3521,103.8198,iPhone17,APAC,"APAC DC Singapore（iPhone17。DC_APAC と同じ地点）"
Retail_AMER,Retail_AMER,retail,40.7128,-74.0060,iPhone16,AMER,"Americas Retail iPhone16（代表の地点（仮）：New York）"
Retail_EMEA,Retail_EMEA,retail,51.5074,-0.1278,iPhone16,EMEA,"EMEA Retail iPhone16（代表の地点（仮）：London）"
Retail_APAC,Retail_APAC,retail,35.6762,139.6503,iPhone16,APAC,"APAC Retail iPhone16（代表の地点（仮）：Tokyo）"
Retail_AMER_i15,Retail_AMER_i15,retail,40.7128,-74.0060,iPhone15,AMER,"Americas Retail iPhone15（代表の地点（仮）：New York）"
Retail_EMEA_i15,Retail_EMEA_i15,retail,51.5074,-0.1278,iPhone15,EMEA,"EMEA Retail iPhone15（代表の地点（仮）：London）"
Retail_APAC_i15,Retail_APAC_i15,retail,35.6762,139.6503,iPhone15,APAC,"APAC Retail iPhone15（代表の地点（仮）：Tokyo）"
Retail_AMER_i17,Retail_AMER_i17,retail,40.7128,-74.0060,iPhone17,AMER,"Americas Retail iPhone17（代表の地点（仮）：New York）"
Retail_EMEA_i17,Retail_EMEA_i17,retail,51.5074,-0.1278,iPhone17,EMEA,"EMEA Retail iPhone17（代表の地点（仮）：London）"
Retail_APAC_i17,Retail_APAC_i17,retail,35.6762,139.6503,iPhone17,APAC,"APAC Retail iPhone17（代表の地点（仮）：Tokyo）"