product,node_name,I_lot_weeks,I_peak,CO_lot_weeks,actual_S
SmartX,AssemblyCN_g1,0,0,0,149145
SmartX,DC_AMER_g1,0,0,0,59659
SmartX,DC_APAC_g1,0,0,0,47732
SmartX,DC_EMEA_g1,0,0,0,41754
SmartX,FoundryTW_g1,15228,2386,0,149145
SmartX,Retail_AMER_g1,0,0,0,59659
SmartX,Retail_APAC_g1,0,0,0,47732
SmartX,Retail_EMEA_g1,0,0,0,41754
SmartX,SP_SmartX,0,0,0,149145
SmartX,WaferFab_TW_g1,0,0,0,149145
SmartXNext,AssemblyCN_g3,0,0,0,293764
SmartXNext,DC_AMER_g3,0,0,0,117500
SmartXNext,DC_APAC_g3,0,0,0,94013
SmartXNext,DC_EMEA_g3,0,0,0,82251
SmartXNext,FoundryTW_g3,25007,6211,0,293764
SmartXNext,Retail_AMER_g3,0,0,0,117500
SmartXNext,Retail_APAC_g3,0,0,0,94013
SmartXNext,Retail_EMEA_g3,0,0,0,82251
SmartXNext,SP_SmartXNext,0,0,0,293764
SmartXNext,WaferFab_TW_g3,0,0,0,293764
SmartXPro_CN,AssemblyCN,0,0,0,160146
SmartXPro_CN,Buffer_Chip_TW,6096874,50979,0,160146
SmartXPro_CN,DC_APAC,0,0,0,85410
SmartXPro_CN,DC_EMEA,0,0,0,74736
SmartXPro_CN,FoundryTW,0,0,0,160146
SmartXPro_CN,Retail_APAC,0,0,0,85410
SmartXPro_CN,Retail_EMEA,0,0,0,74736
SmartXPro_CN,SP_SmartXPro_CN,79094,3098,0,160146
SmartXPro_CN,WaferFab_TW,0,0,0,160146
SmartXPro_IN,AssemblyIN,335,51,16073,106756
SmartXPro_IN,DC_AMER,0,0,16073,106756
SmartXPro_IN,Retail_AMER,0,0,16073,106756
SmartXPro_IN,SP_SmartXPro_IN,0,0,16073,106756
SmartXPro_IN,SensorIN,0,0,7146,106756
