product,start_week,end_week,weeks,minimum_nodes,unknown_capacity_nodes
SmartX,2025-W36,2026-W07,24,,AssemblyCN_g1|FoundryTW_g1|WaferFab_TW_g1
SmartX,2026-W08,2026-W09,2,WaferFab_TW_g1,AssemblyCN_g1|FoundryTW_g1
SmartX,2026-W10,2027-W05,49,,AssemblyCN_g1|FoundryTW_g1|WaferFab_TW_g1
SmartX,2027-W06,2027-W07,2,WaferFab_TW_g1,AssemblyCN_g1|FoundryTW_g1
SmartX,2027-W08,2028-W04,49,,AssemblyCN_g1|FoundryTW_g1|WaferFab_TW_g1
SmartX,2028-W05,2028-W06,2,WaferFab_TW_g1,AssemblyCN_g1|FoundryTW_g1
SmartX,2028-W07,2029-W03,49,,AssemblyCN_g1|FoundryTW_g1|WaferFab_TW_g1
SmartX,2029-W04,2029-W05,2,WaferFab_TW_g1,AssemblyCN_g1|FoundryTW_g1
SmartX,2029-W06,2030-W04,51,,AssemblyCN_g1|FoundryTW_g1|WaferFab_TW_g1
SmartX,2030-W05,2030-W06,2,WaferFab_TW_g1,AssemblyCN_g1|FoundryTW_g1
SmartX,2030-W07,2030-W52,46,,AssemblyCN_g1|FoundryTW_g1|WaferFab_TW_g1
SmartXNext,2025-W36,2026-W07,24,,AssemblyCN_g3|FoundryTW_g3|WaferFab_TW_g3
SmartXNext,2026-W08,2026-W09,2,WaferFab_TW_g3,AssemblyCN_g3|FoundryTW_g3
SmartXNext,2026-W10,2027-W05,49,,AssemblyCN_g3|FoundryTW_g3|WaferFab_TW_g3
SmartXNext,2027-W06,2027-W07,2,WaferFab_TW_g3,AssemblyCN_g3|FoundryTW_g3
SmartXNext,2027-W08,2028-W04,49,,AssemblyCN_g3|FoundryTW_g3|WaferFab_TW_g3
SmartXNext,2028-W05,2028-W06,2,WaferFab_TW_g3,AssemblyCN_g3|FoundryTW_g3
SmartXNext,2028-W07,2029-W03,49,,AssemblyCN_g3|FoundryTW_g3|WaferFab_TW_g3
SmartXNext,2029-W04,2029-W05,2,WaferFab_TW_g3,AssemblyCN_g3|FoundryTW_g3
SmartXNext,2029-W06,2030-W04,51,,AssemblyCN_g3|FoundryTW_g3|WaferFab_TW_g3
SmartXNext,2030-W05,2030-W06,2,WaferFab_TW_g3,AssemblyCN_g3|FoundryTW_g3
SmartXNext,2030-W07,2030-W52,46,,AssemblyCN_g3|FoundryTW_g3|WaferFab_TW_g3
SmartXPro_CN,2025-W36,2026-W07,24,AssemblyCN|Buffer_Chip_TW|FoundryTW,
SmartXPro_CN,2026-W08,2026-W09,2,WaferFab_TW,
SmartXPro_CN,2026-W10,2027-W05,49,AssemblyCN|Buffer_Chip_TW|FoundryTW,
SmartXPro_CN,2027-W06,2027-W07,2,WaferFab_TW,
SmartXPro_CN,2027-W08,2028-W04,49,AssemblyCN|Buffer_Chip_TW|FoundryTW,
SmartXPro_CN,2028-W05,2028-W06,2,WaferFab_TW,
SmartXPro_CN,2028-W07,2028-W13,7,AssemblyCN|Buffer_Chip_TW|FoundryTW,
SmartXPro_CN,2028-W14,2029-W03,42,AssemblyCN,
SmartXPro_CN,2029-W04,2029-W05,2,WaferFab_TW,
SmartXPro_CN,2029-W06,2030-W04,51,AssemblyCN,
SmartXPro_CN,2030-W05,2030-W06,2,WaferFab_TW,
SmartXPro_CN,2030-W07,2030-W13,7,AssemblyCN,
SmartXPro_CN,2030-W14,2030-W52,39,Buffer_Chip_TW|FoundryTW,AssemblyCN
SmartXPro_IN,2025-W36,2026-W42,59,AssemblyIN,
SmartXPro_IN,2026-W43,2026-W43,1,SensorIN,
SmartXPro_IN,2026-W44,2027-W41,51,AssemblyIN,
SmartXPro_IN,2027-W42,2027-W42,1,SensorIN,
SmartXPro_IN,2027-W43,2028-W39,49,AssemblyIN,
SmartXPro_IN,2028-W40,2028-W40,1,SensorIN,
SmartXPro_IN,2028-W41,2029-W40,52,AssemblyIN,
SmartXPro_IN,2029-W41,2029-W41,1,SensorIN,
SmartXPro_IN,2029-W42,2030-W40,51,AssemblyIN,
SmartXPro_IN,2030-W41,2030-W41,1,SensorIN,
SmartXPro_IN,2030-W42,2030-W52,11,AssemblyIN,
