case,week,all_nodes_I_lots,india_nodes_I_lots
baseline,2025-W36,0,0
baseline,2025-W37,0,0
baseline,2025-W38,0,0
baseline,2025-W39,0,0
baseline,2025-W40,0,0
baseline,2025-W41,0,0
baseline,2025-W42,0,0
baseline,2025-W43,0,0
baseline,2025-W44,0,0
baseline,2025-W45,0,0
baseline,2025-W46,0,0
baseline,2025-W47,0,0
baseline,2025-W48,0,0
baseline,2025-W49,0,0
baseline,2025-W50,0,0
baseline,2025-W51,0,0
baseline,2025-W52,0,0
baseline,2026-W01,0,0
baseline,2026-W02,0,0
baseline,2026-W03,0,0
baseline,2026-W04,0,0
baseline,2026-W05,0,0
baseline,2026-W06,630,0
baseline,2026-W07,1980,0
baseline,2026-W08,8416,0
baseline,2026-W09,8405,0
baseline,2026-W10,7215,0
baseline,2026-W11,7380,0
baseline,2026-W12,8730,0
baseline,2026-W13,10080,0
baseline,2026-W14,11430,0
baseline,2026-W15,12780,0
baseline,2026-W16,14130,0
baseline,2026-W17,15480,0
baseline,2026-W18,16830,0
baseline,2026-W19,18180,0
baseline,2026-W20,19530,0
baseline,2026-W21,20880,0
baseline,2026-W22,22230,0
baseline,2026-W23,23580,0
baseline,2026-W24,24930,0
baseline,2026-W25,26280,0
baseline,2026-W26,27630,0
baseline,2026-W27,28980,0
baseline,2026-W28,30330,0
baseline,2026-W29,31680,0
baseline,2026-W30,33030,0
baseline,2026-W31,34380,0
baseline,2026-W32,35727,0
baseline,2026-W33,37068,0
baseline,2026-W34,38402,0
baseline,2026-W35,39729,0
baseline,2026-W36,41050,0
baseline,2026-W37,42363,0
baseline,2026-W38,43669,0
baseline,2026-W39,44969,0
baseline,2026-W40,46262,0
baseline,2026-W41,47549,0
baseline,2026-W42,48830,0
baseline,2026-W43,50104,0
baseline,2026-W44,50741,0
baseline,2026-W45,50652,0
baseline,2026-W46,50555,0
baseline,2026-W47,50451,0
baseline,2026-W48,50341,0
baseline,2026-W49,50224,0
baseline,2026-W50,50101,0
baseline,2026-W51,49972,0
baseline,2026-W52,49836,0
baseline,2026-W53,49693,0
baseline,2027-W01,49544,0
baseline,2027-W02,49387,0
baseline,2027-W03,49223,0
baseline,2027-W04,49053,0
baseline,2027-W05,48872,0
baseline,2027-W06,52979,0
baseline,2027-W07,51629,0
baseline,2027-W08,49279,0
baseline,2027-W09,48067,0
baseline,2027-W10,47848,0
baseline,2027-W11,47621,0
baseline,2027-W12,47387,0
baseline,2027-W13,47146,0
baseline,2027-W14,46898,0
baseline,2027-W15,46645,0
baseline,2027-W16,46645,0
baseline,2027-W17,46648,0
baseline,2027-W18,46657,0
baseline,2027-W19,46673,0
baseline,2027-W20,46696,0
baseline,2027-W21,46725,0
baseline,2027-W22,46313,0
baseline,2027-W23,45908,0
baseline,2027-W24,45509,0
baseline,2027-W25,45117,0
baseline,2027-W26,44731,0
baseline,2027-W27,44351,0
baseline,2027-W28,43978,0
baseline,2027-W29,43612,0
baseline,2027-W30,43252,0
baseline,2027-W31,42900,0
baseline,2027-W32,42555,0
baseline,2027-W33,42216,0
baseline,2027-W34,41884,0
baseline,2027-W35,41558,0
baseline,2027-W36,41238,0
baseline,2027-W37,40925,0
baseline,2027-W38,40619,0
baseline,2027-W39,40319,0
baseline,2027-W40,40027,0
baseline,2027-W41,39742,0
baseline,2027-W42,39476,13
baseline,2027-W43,39221,26
baseline,2027-W44,38976,39
baseline,2027-W45,38686,0
baseline,2027-W46,38441,0
baseline,2027-W47,38204,0
baseline,2027-W48,37974,0
baseline,2027-W49,37752,0
baseline,2027-W50,37537,0
baseline,2027-W51,37329,0
baseline,2027-W52,37128,0
baseline,2028-W01,36932,0
baseline,2028-W02,36483,0
baseline,2028-W03,36034,0
baseline,2028-W04,35585,0
baseline,2028-W05,38108,0
baseline,2028-W06,36740,0
baseline,2028-W07,34812,0
baseline,2028-W08,34503,0
baseline,2028-W09,34773,0
baseline,2028-W10,35050,0
baseline,2028-W11,35334,0
baseline,2028-W12,35626,0
baseline,2028-W13,35925,0
baseline,2028-W14,35783,0
baseline,2028-W15,35648,0
baseline,2028-W16,35519,0
baseline,2028-W17,35398,0
baseline,2028-W18,35284,0
baseline,2028-W19,35178,0
baseline,2028-W20,35079,0
baseline,2028-W21,34987,0
baseline,2028-W22,34452,0
baseline,2028-W23,33927,0
baseline,2028-W24,33411,0
baseline,2028-W25,32901,0
baseline,2028-W26,32397,0
baseline,2028-W27,31898,0
baseline,2028-W28,31404,0
baseline,2028-W29,30916,0
baseline,2028-W30,30434,0
baseline,2028-W31,29957,0
baseline,2028-W32,29485,0
baseline,2028-W33,29020,0
baseline,2028-W34,28560,0
baseline,2028-W35,28105,0
baseline,2028-W36,27655,0
baseline,2028-W37,27212,0
baseline,2028-W38,26774,0
baseline,2028-W39,26341,0
baseline,2028-W40,25925,11
baseline,2028-W41,25515,22
baseline,2028-W42,25110,33
baseline,2028-W43,24667,0
baseline,2028-W44,24262,0
baseline,2028-W45,23862,0
baseline,2028-W46,23468,0
baseline,2028-W47,23080,0
baseline,2028-W48,22697,0
baseline,2028-W49,22319,0
baseline,2028-W50,21944,0
baseline,2028-W51,21569,0
baseline,2028-W52,21194,0
baseline,2029-W01,20819,0
baseline,2029-W02,20444,0
baseline,2029-W03,20069,0
baseline,2029-W04,24710,0
baseline,2029-W05,24005,0
baseline,2029-W06,21115,0
baseline,2029-W07,18577,0
baseline,2029-W08,18657,0
baseline,2029-W09,18737,0
baseline,2029-W10,18819,0
baseline,2029-W11,18900,0
baseline,2029-W12,18982,0
baseline,2029-W13,19065,0
baseline,2029-W14,18699,0
baseline,2029-W15,18335,0
baseline,2029-W16,17973,0
baseline,2029-W17,17612,0
baseline,2029-W18,17251,0
baseline,2029-W19,16892,0
baseline,2029-W20,16532,0
baseline,2029-W21,16173,0
baseline,2029-W22,15815,0
baseline,2029-W23,15462,0
baseline,2029-W24,15115,0
baseline,2029-W25,14769,0
baseline,2029-W26,14424,0
baseline,2029-W27,14080,0
baseline,2029-W28,13736,0
baseline,2029-W29,13392,0
baseline,2029-W30,13050,0
baseline,2029-W31,12708,0
baseline,2029-W32,12369,0
baseline,2029-W33,12031,0
baseline,2029-W34,11694,0
baseline,2029-W35,11362,0
baseline,2029-W36,11041,0
baseline,2029-W37,10728,0
baseline,2029-W38,10423,0
baseline,2029-W39,10129,0
baseline,2029-W40,9842,0
baseline,2029-W41,9577,17
baseline,2029-W42,9313,34
baseline,2029-W43,9049,51
baseline,2029-W44,8716,0
baseline,2029-W45,8435,0
baseline,2029-W46,8154,0
baseline,2029-W47,7873,0
baseline,2029-W48,7592,0
baseline,2029-W49,7312,0
baseline,2029-W50,7032,0
baseline,2029-W51,6752,0
baseline,2029-W52,6472,0
baseline,2030-W01,6191,0
baseline,2030-W02,5910,0
baseline,2030-W03,5628,0
baseline,2030-W04,5347,0
baseline,2030-W05,11303,0
baseline,2030-W06,11074,0
baseline,2030-W07,7683,0
baseline,2030-W08,4281,0
baseline,2030-W09,4033,0
baseline,2030-W10,3793,0
baseline,2030-W11,3560,0
baseline,2030-W12,3334,0
baseline,2030-W13,3116,0
baseline,2030-W14,2905,0
baseline,2030-W15,2702,0
baseline,2030-W16,2506,0
baseline,2030-W17,2318,0
baseline,2030-W18,2136,0
baseline,2030-W19,1962,0
baseline,2030-W20,1795,0
baseline,2030-W21,1636,0
baseline,2030-W22,1484,0
baseline,2030-W23,1339,0
baseline,2030-W24,1202,0
baseline,2030-W25,1072,0
baseline,2030-W26,950,0
baseline,2030-W27,835,0
baseline,2030-W28,728,0
baseline,2030-W29,628,0
baseline,2030-W30,536,0
baseline,2030-W31,451,0
baseline,2030-W32,373,0
baseline,2030-W33,303,0
baseline,2030-W34,240,0
baseline,2030-W35,184,0
baseline,2030-W36,135,0
baseline,2030-W37,94,0
baseline,2030-W38,60,0
baseline,2030-W39,34,0
baseline,2030-W40,15,0
baseline,2030-W41,38,34
baseline,2030-W42,30,30
baseline,2030-W43,25,25
baseline,2030-W44,0,0
baseline,2030-W45,0,0
baseline,2030-W46,0,0
baseline,2030-W47,0,0
baseline,2030-W48,0,0
baseline,2030-W49,0,0
baseline,2030-W50,0,0
baseline,2030-W51,0,0
baseline,2030-W52,0,0
greedy_identity,2025-W36,0,0
greedy_identity,2025-W37,0,0
greedy_identity,2025-W38,0,0
greedy_identity,2025-W39,0,0
greedy_identity,2025-W40,0,0
greedy_identity,2025-W41,0,0
greedy_identity,2025-W42,0,0
greedy_identity,2025-W43,0,0
greedy_identity,2025-W44,0,0
greedy_identity,2025-W45,0,0
greedy_identity,2025-W46,0,0
greedy_identity,2025-W47,0,0
greedy_identity,2025-W48,0,0
greedy_identity,2025-W49,0,0
greedy_identity,2025-W50,0,0
greedy_identity,2025-W51,0,0
greedy_identity,2025-W52,0,0
greedy_identity,2026-W01,0,0
greedy_identity,2026-W02,0,0
greedy_identity,2026-W03,0,0
greedy_identity,2026-W04,0,0
greedy_identity,2026-W05,0,0
greedy_identity,2026-W06,630,0
greedy_identity,2026-W07,1980,0
greedy_identity,2026-W08,8416,0
greedy_identity,2026-W09,8405,0
greedy_identity,2026-W10,7215,0
greedy_identity,2026-W11,7380,0
greedy_identity,2026-W12,8730,0
greedy_identity,2026-W13,10080,0
greedy_identity,2026-W14,11430,0
greedy_identity,2026-W15,12780,0
greedy_identity,2026-W16,14130,0
greedy_identity,2026-W17,15480,0
greedy_identity,2026-W18,16830,0
greedy_identity,2026-W19,18180,0
greedy_identity,2026-W20,19530,0
greedy_identity,2026-W21,20880,0
greedy_identity,2026-W22,22230,0
greedy_identity,2026-W23,23580,0
greedy_identity,2026-W24,24930,0
greedy_identity,2026-W25,26280,0
greedy_identity,2026-W26,27630,0
greedy_identity,2026-W27,28980,0
greedy_identity,2026-W28,30330,0
greedy_identity,2026-W29,31680,0
greedy_identity,2026-W30,33030,0
greedy_identity,2026-W31,34380,0
greedy_identity,2026-W32,35727,0
greedy_identity,2026-W33,37068,0
greedy_identity,2026-W34,38402,0
greedy_identity,2026-W35,39729,0
greedy_identity,2026-W36,41050,0
greedy_identity,2026-W37,42363,0
greedy_identity,2026-W38,43669,0
greedy_identity,2026-W39,44969,0
greedy_identity,2026-W40,46262,0
greedy_identity,2026-W41,47549,0
greedy_identity,2026-W42,48830,0
greedy_identity,2026-W43,50104,0
greedy_identity,2026-W44,50741,0
greedy_identity,2026-W45,50652,0
greedy_identity,2026-W46,50555,0
greedy_identity,2026-W47,50451,0
greedy_identity,2026-W48,50341,0
greedy_identity,2026-W49,50224,0
greedy_identity,2026-W50,50101,0
greedy_identity,2026-W51,49972,0
greedy_identity,2026-W52,49836,0
greedy_identity,2026-W53,49693,0
greedy_identity,2027-W01,49544,0
greedy_identity,2027-W02,49387,0
greedy_identity,2027-W03,49223,0
greedy_identity,2027-W04,49053,0
greedy_identity,2027-W05,48872,0
greedy_identity,2027-W06,52979,0
greedy_identity,2027-W07,51629,0
greedy_identity,2027-W08,49279,0
greedy_identity,2027-W09,48067,0
greedy_identity,2027-W10,47848,0
greedy_identity,2027-W11,47621,0
greedy_identity,2027-W12,47387,0
greedy_identity,2027-W13,47146,0
greedy_identity,2027-W14,46898,0
greedy_identity,2027-W15,46643,0
greedy_identity,2027-W16,46380,0
greedy_identity,2027-W17,46239,0
greedy_identity,2027-W18,46248,0
greedy_identity,2027-W19,46264,0
greedy_identity,2027-W20,46287,0
greedy_identity,2027-W21,46316,0
greedy_identity,2027-W22,45904,0
greedy_identity,2027-W23,45499,0
greedy_identity,2027-W24,45100,0
greedy_identity,2027-W25,44708,0
greedy_identity,2027-W26,44322,0
greedy_identity,2027-W27,43942,0
greedy_identity,2027-W28,43569,0
greedy_identity,2027-W29,43216,13
greedy_identity,2027-W30,42870,27
greedy_identity,2027-W31,42531,40
greedy_identity,2027-W32,42200,54
greedy_identity,2027-W33,41874,67
greedy_identity,2027-W34,41556,81
greedy_identity,2027-W35,41243,94
greedy_identity,2027-W36,40936,107
greedy_identity,2027-W37,40636,120
greedy_identity,2027-W38,40343,133
greedy_identity,2027-W39,40057,147
greedy_identity,2027-W40,39778,160
greedy_identity,2027-W41,39507,174
greedy_identity,2027-W42,39254,200
greedy_identity,2027-W43,39794,1008
greedy_identity,2027-W44,39544,1016
greedy_identity,2027-W45,38484,214
greedy_identity,2027-W46,38013,0
greedy_identity,2027-W47,37759,0
greedy_identity,2027-W48,37506,0
greedy_identity,2027-W49,37255,0
greedy_identity,2027-W50,37006,0
greedy_identity,2027-W51,36758,0
greedy_identity,2027-W52,36512,0
greedy_identity,2028-W01,36268,0
greedy_identity,2028-W02,36026,0
greedy_identity,2028-W03,35659,0
greedy_identity,2028-W04,35143,0
greedy_identity,2028-W05,37403,0
greedy_identity,2028-W06,36035,0
greedy_identity,2028-W07,34105,0
greedy_identity,2028-W08,33428,0
greedy_identity,2028-W09,33314,0
greedy_identity,2028-W10,33193,0
greedy_identity,2028-W11,33064,0
greedy_identity,2028-W12,32926,0
greedy_identity,2028-W13,33052,0
greedy_identity,2028-W14,33329,0
greedy_identity,2028-W15,33613,0
greedy_identity,2028-W16,33905,0
greedy_identity,2028-W17,34204,0
greedy_identity,2028-W18,34062,0
greedy_identity,2028-W19,33927,0
greedy_identity,2028-W20,33798,0
greedy_identity,2028-W21,33677,0
greedy_identity,2028-W22,33113,0
greedy_identity,2028-W23,32557,0
greedy_identity,2028-W24,32008,0
greedy_identity,2028-W25,31466,0
greedy_identity,2028-W26,30931,0
greedy_identity,2028-W27,30424,18
greedy_identity,2028-W28,29925,35
greedy_identity,2028-W29,29431,51
greedy_identity,2028-W30,28938,62
greedy_identity,2028-W31,28507,74
greedy_identity,2028-W32,28080,85
greedy_identity,2028-W33,27658,96
greedy_identity,2028-W34,27242,107
greedy_identity,2028-W35,26832,118
greedy_identity,2028-W36,26427,129
greedy_identity,2028-W37,26028,140
greedy_identity,2028-W38,25634,151
greedy_identity,2028-W39,25245,162
greedy_identity,2028-W40,24873,184
greedy_identity,2028-W41,25066,765
greedy_identity,2028-W42,24690,772
greedy_identity,2028-W43,23741,196
greedy_identity,2028-W44,23184,0
greedy_identity,2028-W45,22831,0
greedy_identity,2028-W46,22486,0
greedy_identity,2028-W47,22150,0
greedy_identity,2028-W48,21821,0
greedy_identity,2028-W49,21495,0
greedy_identity,2028-W50,21169,0
greedy_identity,2028-W51,20697,0
greedy_identity,2028-W52,20217,0
greedy_identity,2029-W01,19728,0
greedy_identity,2029-W02,19232,0
greedy_identity,2029-W03,18728,0
greedy_identity,2029-W04,23231,0
greedy_identity,2029-W05,22380,0
greedy_identity,2029-W06,19335,0
greedy_identity,2029-W07,16633,0
greedy_identity,2029-W08,16541,0
greedy_identity,2029-W09,16587,0
greedy_identity,2029-W10,16635,0
greedy_identity,2029-W11,16684,0
greedy_identity,2029-W12,16734,0
greedy_identity,2029-W13,16784,0
greedy_identity,2029-W14,16836,0
greedy_identity,2029-W15,16888,0
greedy_identity,2029-W16,16941,0
greedy_identity,2029-W17,16996,0
greedy_identity,2029-W18,16601,0
greedy_identity,2029-W19,16208,0
greedy_identity,2029-W20,15816,0
greedy_identity,2029-W21,15425,0
greedy_identity,2029-W22,15034,0
greedy_identity,2029-W23,14645,0
greedy_identity,2029-W24,14255,0
greedy_identity,2029-W25,13866,0
greedy_identity,2029-W26,13616,0
greedy_identity,2029-W27,13383,0
greedy_identity,2029-W28,13165,22
greedy_identity,2029-W29,12940,45
greedy_identity,2029-W30,12701,61
greedy_identity,2029-W31,12455,78
greedy_identity,2029-W32,12202,94
greedy_identity,2029-W33,11942,111
greedy_identity,2029-W34,11674,127
greedy_identity,2029-W35,11404,144
greedy_identity,2029-W36,11136,161
greedy_identity,2029-W37,10869,178
greedy_identity,2029-W38,10602,195
greedy_identity,2029-W39,10336,211
greedy_identity,2029-W40,10070,228
greedy_identity,2029-W41,9821,261
greedy_identity,2029-W42,9829,550
greedy_identity,2029-W43,9558,560
greedy_identity,2029-W44,8993,277
greedy_identity,2029-W45,8435,0
greedy_identity,2029-W46,8154,0
greedy_identity,2029-W47,7873,0
greedy_identity,2029-W48,7592,0
greedy_identity,2029-W49,7312,0
greedy_identity,2029-W50,7032,0
greedy_identity,2029-W51,6752,0
greedy_identity,2029-W52,6472,0
greedy_identity,2030-W01,6191,0
greedy_identity,2030-W02,5910,0
greedy_identity,2030-W03,5628,0
greedy_identity,2030-W04,5347,0
greedy_identity,2030-W05,11303,0
greedy_identity,2030-W06,11074,0
greedy_identity,2030-W07,7683,0
greedy_identity,2030-W08,4281,0
greedy_identity,2030-W09,4033,0
greedy_identity,2030-W10,3793,0
greedy_identity,2030-W11,3560,0
greedy_identity,2030-W12,3334,0
greedy_identity,2030-W13,3116,0
greedy_identity,2030-W14,2905,0
greedy_identity,2030-W15,2702,0
greedy_identity,2030-W16,2506,0
greedy_identity,2030-W17,2318,0
greedy_identity,2030-W18,2136,0
greedy_identity,2030-W19,1962,0
greedy_identity,2030-W20,1795,0
greedy_identity,2030-W21,1636,0
greedy_identity,2030-W22,1484,0
greedy_identity,2030-W23,1339,0
greedy_identity,2030-W24,1202,0
greedy_identity,2030-W25,1072,0
greedy_identity,2030-W26,950,0
greedy_identity,2030-W27,835,0
greedy_identity,2030-W28,728,0
greedy_identity,2030-W29,628,0
greedy_identity,2030-W30,536,0
greedy_identity,2030-W31,451,0
greedy_identity,2030-W32,373,0
greedy_identity,2030-W33,303,0
greedy_identity,2030-W34,240,0
greedy_identity,2030-W35,184,0
greedy_identity,2030-W36,135,0
greedy_identity,2030-W37,94,0
greedy_identity,2030-W38,60,0
greedy_identity,2030-W39,34,0
greedy_identity,2030-W40,15,0
greedy_identity,2030-W41,38,34
greedy_identity,2030-W42,30,30
greedy_identity,2030-W43,25,25
greedy_identity,2030-W44,0,0
greedy_identity,2030-W45,0,0
greedy_identity,2030-W46,0,0
greedy_identity,2030-W47,0,0
greedy_identity,2030-W48,0,0
greedy_identity,2030-W49,0,0
greedy_identity,2030-W50,0,0
greedy_identity,2030-W51,0,0
greedy_identity,2030-W52,0,0
lp_identity,2025-W36,0,0
lp_identity,2025-W37,0,0
lp_identity,2025-W38,0,0
lp_identity,2025-W39,0,0
lp_identity,2025-W40,0,0
lp_identity,2025-W41,0,0
lp_identity,2025-W42,0,0
lp_identity,2025-W43,0,0
lp_identity,2025-W44,0,0
lp_identity,2025-W45,0,0
lp_identity,2025-W46,0,0
lp_identity,2025-W47,0,0
lp_identity,2025-W48,0,0
lp_identity,2025-W49,0,0
lp_identity,2025-W50,0,0
lp_identity,2025-W51,0,0
lp_identity,2025-W52,0,0
lp_identity,2026-W01,0,0
lp_identity,2026-W02,0,0
lp_identity,2026-W03,0,0
lp_identity,2026-W04,0,0
lp_identity,2026-W05,0,0
lp_identity,2026-W06,630,0
lp_identity,2026-W07,1980,0
lp_identity,2026-W08,8416,0
lp_identity,2026-W09,8405,0
lp_identity,2026-W10,7215,0
lp_identity,2026-W11,7380,0
lp_identity,2026-W12,8730,0
lp_identity,2026-W13,10080,0
lp_identity,2026-W14,11430,0
lp_identity,2026-W15,12780,0
lp_identity,2026-W16,14130,0
lp_identity,2026-W17,15480,0
lp_identity,2026-W18,16830,0
lp_identity,2026-W19,18180,0
lp_identity,2026-W20,19530,0
lp_identity,2026-W21,20880,0
lp_identity,2026-W22,22230,0
lp_identity,2026-W23,23580,0
lp_identity,2026-W24,24930,0
lp_identity,2026-W25,26280,0
lp_identity,2026-W26,27630,0
lp_identity,2026-W27,28980,0
lp_identity,2026-W28,30330,0
lp_identity,2026-W29,31680,0
lp_identity,2026-W30,33030,0
lp_identity,2026-W31,34380,0
lp_identity,2026-W32,35727,0
lp_identity,2026-W33,37068,0
lp_identity,2026-W34,38402,0
lp_identity,2026-W35,39729,0
lp_identity,2026-W36,41050,0
lp_identity,2026-W37,42363,0
lp_identity,2026-W38,43669,0
lp_identity,2026-W39,44969,0
lp_identity,2026-W40,46262,0
lp_identity,2026-W41,47549,0
lp_identity,2026-W42,48830,0
lp_identity,2026-W43,50104,0
lp_identity,2026-W44,50741,0
lp_identity,2026-W45,50652,0
lp_identity,2026-W46,50555,0
lp_identity,2026-W47,50451,0
lp_identity,2026-W48,50341,0
lp_identity,2026-W49,50224,0
lp_identity,2026-W50,50101,0
lp_identity,2026-W51,49972,0
lp_identity,2026-W52,49836,0
lp_identity,2026-W53,50240,547
lp_identity,2027-W01,50103,559
lp_identity,2027-W02,49954,567
lp_identity,2027-W03,49794,571
lp_identity,2027-W04,49624,571
lp_identity,2027-W05,49443,571
lp_identity,2027-W06,53550,571
lp_identity,2027-W07,52200,571
lp_identity,2027-W08,49850,571
lp_identity,2027-W09,48638,571
lp_identity,2027-W10,48419,571
lp_identity,2027-W11,48192,571
lp_identity,2027-W12,47958,571
lp_identity,2027-W13,47717,571
lp_identity,2027-W14,47469,571
lp_identity,2027-W15,47216,571
lp_identity,2027-W16,47216,571
lp_identity,2027-W17,47219,571
lp_identity,2027-W18,47228,571
lp_identity,2027-W19,47244,571
lp_identity,2027-W20,47267,571
lp_identity,2027-W21,47296,571
lp_identity,2027-W22,46884,571
lp_identity,2027-W23,46479,571
lp_identity,2027-W24,46080,571
lp_identity,2027-W25,45688,571
lp_identity,2027-W26,45302,571
lp_identity,2027-W27,44926,575
lp_identity,2027-W28,44562,584
lp_identity,2027-W29,44209,597
lp_identity,2027-W30,43863,611
lp_identity,2027-W31,43524,624
lp_identity,2027-W32,43193,638
lp_identity,2027-W33,42867,651
lp_identity,2027-W34,42549,665
lp_identity,2027-W35,42236,678
lp_identity,2027-W36,41929,691
lp_identity,2027-W37,41629,704
lp_identity,2027-W38,41336,717
lp_identity,2027-W39,41050,731
lp_identity,2027-W40,40771,744
lp_identity,2027-W41,40500,758
lp_identity,2027-W42,41045,1582
lp_identity,2027-W43,40787,1592
lp_identity,2027-W44,40537,1600
lp_identity,2027-W45,38686,0
lp_identity,2027-W46,38441,0
lp_identity,2027-W47,38204,0
lp_identity,2027-W48,37974,0
lp_identity,2027-W49,37752,0
lp_identity,2027-W50,37537,0
lp_identity,2027-W51,37329,0
lp_identity,2027-W52,37128,0
lp_identity,2028-W01,36939,7
lp_identity,2028-W02,36509,26
lp_identity,2028-W03,36078,44
lp_identity,2028-W04,35643,58
lp_identity,2028-W05,38180,72
lp_identity,2028-W06,36827,87
lp_identity,2028-W07,34912,102
lp_identity,2028-W08,34355,117
lp_identity,2028-W09,34369,131
lp_identity,2028-W10,34385,145
lp_identity,2028-W11,34662,159
lp_identity,2028-W12,34448,174
lp_identity,2028-W13,35041,189
lp_identity,2028-W14,35253,203
lp_identity,2028-W15,36335,217
lp_identity,2028-W16,36645,231
lp_identity,2028-W17,35613,246
lp_identity,2028-W18,35903,261
lp_identity,2028-W19,35738,275
lp_identity,2028-W20,35693,289
lp_identity,2028-W21,36059,303
lp_identity,2028-W22,34786,318
lp_identity,2028-W23,34253,333
lp_identity,2028-W24,33985,348
lp_identity,2028-W25,33724,362
lp_identity,2028-W26,32765,376
lp_identity,2028-W27,32455,394
lp_identity,2028-W28,32409,411
lp_identity,2028-W29,31474,427
lp_identity,2028-W30,30626,438
lp_identity,2028-W31,30548,450
lp_identity,2028-W32,30328,461
lp_identity,2028-W33,29325,472
lp_identity,2028-W34,29117,483
lp_identity,2028-W35,28651,494
lp_identity,2028-W36,28190,505
lp_identity,2028-W37,27736,516
lp_identity,2028-W38,27287,527
lp_identity,2028-W39,27010,538
lp_identity,2028-W40,26994,1132
lp_identity,2028-W41,26546,1141
lp_identity,2028-W42,25955,1148
lp_identity,2028-W43,24541,0
lp_identity,2028-W44,24114,0
lp_identity,2028-W45,23982,0
lp_identity,2028-W46,23317,0
lp_identity,2028-W47,22912,0
lp_identity,2028-W48,22462,0
lp_identity,2028-W49,22009,0
lp_identity,2028-W50,21323,0
lp_identity,2028-W51,21367,0
lp_identity,2028-W52,21007,0
lp_identity,2029-W01,20611,0
lp_identity,2029-W02,19879,0
lp_identity,2029-W03,19600,0
lp_identity,2029-W04,24687,0
lp_identity,2029-W05,23471,0
lp_identity,2029-W06,20547,0
lp_identity,2029-W07,17926,0
lp_identity,2029-W08,18295,0
lp_identity,2029-W09,18452,0
lp_identity,2029-W10,18114,0
lp_identity,2029-W11,18106,0
lp_identity,2029-W12,18162,0
lp_identity,2029-W13,17928,0
lp_identity,2029-W14,18219,0
lp_identity,2029-W15,18732,0
lp_identity,2029-W16,18803,0
lp_identity,2029-W17,18548,0
lp_identity,2029-W18,17741,0
lp_identity,2029-W19,17489,0
lp_identity,2029-W20,17324,0
lp_identity,2029-W21,16887,0
lp_identity,2029-W22,16449,0
lp_identity,2029-W23,15786,0
lp_identity,2029-W24,15851,0
lp_identity,2029-W25,15331,0
lp_identity,2029-W26,14672,0
lp_identity,2029-W27,14711,0
lp_identity,2029-W28,14072,22
lp_identity,2029-W29,14013,45
lp_identity,2029-W30,13207,61
lp_identity,2029-W31,13007,78
lp_identity,2029-W32,12633,94
lp_identity,2029-W33,12439,111
lp_identity,2029-W34,12084,127
lp_identity,2029-W35,11570,144
lp_identity,2029-W36,11397,161
lp_identity,2029-W37,11069,178
lp_identity,2029-W38,10851,195
lp_identity,2029-W39,10402,211
lp_identity,2029-W40,10086,228
lp_identity,2029-W41,10135,538
lp_identity,2029-W42,9833,550
lp_identity,2029-W43,9558,560
lp_identity,2029-W44,8716,0
lp_identity,2029-W45,8435,0
lp_identity,2029-W46,8154,0
lp_identity,2029-W47,7873,0
lp_identity,2029-W48,7592,0
lp_identity,2029-W49,7312,0
lp_identity,2029-W50,7032,0
lp_identity,2029-W51,6752,0
lp_identity,2029-W52,6472,0
lp_identity,2030-W01,6191,0
lp_identity,2030-W02,5910,0
lp_identity,2030-W03,5628,0
lp_identity,2030-W04,5347,0
lp_identity,2030-W05,11303,0
lp_identity,2030-W06,11074,0
lp_identity,2030-W07,7683,0
lp_identity,2030-W08,4281,0
lp_identity,2030-W09,4033,0
lp_identity,2030-W10,3793,0
lp_identity,2030-W11,3560,0
lp_identity,2030-W12,3334,0
lp_identity,2030-W13,3116,0
lp_identity,2030-W14,2905,0
lp_identity,2030-W15,2702,0
lp_identity,2030-W16,2506,0
lp_identity,2030-W17,2318,0
lp_identity,2030-W18,2136,0
lp_identity,2030-W19,1962,0
lp_identity,2030-W20,1795,0
lp_identity,2030-W21,1636,0
lp_identity,2030-W22,1484,0
lp_identity,2030-W23,1339,0
lp_identity,2030-W24,1202,0
lp_identity,2030-W25,1072,0
lp_identity,2030-W26,950,0
lp_identity,2030-W27,835,0
lp_identity,2030-W28,728,0
lp_identity,2030-W29,628,0
lp_identity,2030-W30,536,0
lp_identity,2030-W31,451,0
lp_identity,2030-W32,373,0
lp_identity,2030-W33,303,0
lp_identity,2030-W34,240,0
lp_identity,2030-W35,184,0
lp_identity,2030-W36,135,0
lp_identity,2030-W37,94,0
lp_identity,2030-W38,60,0
lp_identity,2030-W39,34,0
lp_identity,2030-W40,15,0
lp_identity,2030-W41,38,34
lp_identity,2030-W42,30,30
lp_identity,2030-W43,25,25
lp_identity,2030-W44,0,0
lp_identity,2030-W45,0,0
lp_identity,2030-W46,0,0
lp_identity,2030-W47,0,0
lp_identity,2030-W48,0,0
lp_identity,2030-W49,0,0
lp_identity,2030-W50,0,0
lp_identity,2030-W51,0,0
lp_identity,2030-W52,0,0
