case,product,root_requested_ids,advanced_ids,later_ids,unchanged_ids,advance_lot_weeks,later_lot_weeks,original_requests_missing_from_root_S,post_adapter_demand_CO_lot_weeks
baseline,SmartX,149145,0,0,149145,0,0,0,0
baseline,SmartXNext,293764,0,0,293764,0,0,0,0
baseline,SmartXPro_CN,160146,4618,0,155528,79094,0,0,79094
baseline,SmartXPro_IN,106756,0,0,106756,0,0,0,0
greedy_csv,SmartX,149145,0,0,149145,0,0,0,0
greedy_csv,SmartXNext,293764,0,0,293764,0,0,0,0
greedy_csv,SmartXPro_CN,158425,2897,0,155528,22807,0,1721,0
greedy_csv,SmartXPro_IN,105796,687,0,105109,6725,0,960,0
lp_csv,SmartX,149145,0,0,149145,0,0,0,0
lp_csv,SmartXNext,293764,0,0,293764,0,0,0,0
lp_csv,SmartXPro_CN,160146,24724,0,135422,79094,0,0,0
lp_csv,SmartXPro_IN,106756,15555,0,91201,43007,0,0,0
greedy_identity,SmartX,149145,0,0,149145,0,0,0,0
greedy_identity,SmartXNext,293764,0,0,293764,0,0,0,0
greedy_identity,SmartXPro_CN,158425,2897,0,155528,22807,0,1721,0
greedy_identity,SmartXPro_IN,105796,687,0,105109,6725,0,960,0
lp_identity,SmartX,149145,0,0,149145,0,0,0,0
lp_identity,SmartXNext,293764,0,0,293764,0,0,0,0
lp_identity,SmartXPro_CN,160146,24724,0,135422,79094,0,0,0
lp_identity,SmartXPro_IN,106756,15555,0,91201,43007,0,0,0
