product,node_id,week,week_index,sequence,lot_id,kind,node_name
SmartXPro_IN,OUT:supply_point:SP_SmartXPro_IN:SmartXPro_IN,2027-W43,112,13,SmartXPro_IN:AMER:2027-W46:00014,request,SP_SmartXPro_IN
SmartXPro_IN,OUT:supply_point:SP_SmartXPro_IN:SmartXPro_IN,2027-W43,112,76,SmartXPro_IN:AMER:2027-W46:00077,request,SP_SmartXPro_IN
SmartXPro_IN,OUT:supply_point:SP_SmartXPro_IN:SmartXPro_IN,2027-W45,114,229,SmartXPro_IN:AMER:2027-W48:00230,request,SP_SmartXPro_IN
SmartXPro_IN,OUT:supply_point:SP_SmartXPro_IN:SmartXPro_IN,2027-W46,115,238,SmartXPro_IN:AMER:2027-W49:00239,request,SP_SmartXPro_IN
SmartXPro_IN,OUT:dad:DC_AMER:SmartXPro_IN,2027-W45,114,13,SmartXPro_IN:AMER:2027-W46:00014,request,DC_AMER
SmartXPro_IN,OUT:dad:DC_AMER:SmartXPro_IN,2027-W45,114,76,SmartXPro_IN:AMER:2027-W46:00077,request,DC_AMER
SmartXPro_IN,OUT:dad:DC_AMER:SmartXPro_IN,2027-W47,116,229,SmartXPro_IN:AMER:2027-W48:00230,request,DC_AMER
SmartXPro_IN,OUT:dad:DC_AMER:SmartXPro_IN,2027-W48,117,238,SmartXPro_IN:AMER:2027-W49:00239,request,DC_AMER
SmartXPro_IN,OUT:leaf_out:AMER:SmartXPro_IN,2027-W46,115,13,SmartXPro_IN:AMER:2027-W46:00014,request,Retail_AMER
SmartXPro_IN,OUT:leaf_out:AMER:SmartXPro_IN,2027-W46,115,76,SmartXPro_IN:AMER:2027-W46:00077,request,Retail_AMER
SmartXPro_IN,OUT:leaf_out:AMER:SmartXPro_IN,2027-W48,117,229,SmartXPro_IN:AMER:2027-W48:00230,request,Retail_AMER
SmartXPro_IN,OUT:leaf_out:AMER:SmartXPro_IN,2027-W49,118,238,SmartXPro_IN:AMER:2027-W49:00239,request,Retail_AMER
SmartXPro_IN,IN:mom:AssemblyIN:SmartXPro_IN,2027-W43,112,13,SmartXPro_IN:AMER:2027-W46:00014,request,AssemblyIN
SmartXPro_IN,IN:mom:AssemblyIN:SmartXPro_IN,2027-W43,112,76,SmartXPro_IN:AMER:2027-W46:00077,request,AssemblyIN
SmartXPro_IN,IN:mom:AssemblyIN:SmartXPro_IN,2027-W45,114,229,SmartXPro_IN:AMER:2027-W48:00230,request,AssemblyIN
SmartXPro_IN,IN:mom:AssemblyIN:SmartXPro_IN,2027-W46,115,238,SmartXPro_IN:AMER:2027-W49:00239,request,AssemblyIN
SmartXPro_IN,IN:leaf_in:SensorIN:SmartXPro_IN,2027-W39,108,829,SmartXPro_IN:AMER:2027-W46:00014,request,SensorIN
SmartXPro_IN,IN:leaf_in:SensorIN:SmartXPro_IN,2027-W39,108,892,SmartXPro_IN:AMER:2027-W46:00077,request,SensorIN
SmartXPro_IN,IN:leaf_in:SensorIN:SmartXPro_IN,2027-W41,110,229,SmartXPro_IN:AMER:2027-W48:00230,request,SensorIN
SmartXPro_IN,IN:leaf_in:SensorIN:SmartXPro_IN,2027-W43,112,238,SmartXPro_IN:AMER:2027-W49:00239,request,SensorIN
SmartXPro_IN,OUT:supply_point:SP_SmartXPro_IN:SmartXPro_IN,2027-W43,112,13,SmartXPro_IN:AMER:2027-W46:00014,shipment,SP_SmartXPro_IN
SmartXPro_IN,OUT:supply_point:SP_SmartXPro_IN:SmartXPro_IN,2027-W43,112,76,SmartXPro_IN:AMER:2027-W46:00077,shipment,SP_SmartXPro_IN
SmartXPro_IN,OUT:supply_point:SP_SmartXPro_IN:SmartXPro_IN,2027-W46,115,0,SmartXPro_IN:AMER:2027-W48:00230,shipment,SP_SmartXPro_IN
SmartXPro_IN,OUT:supply_point:SP_SmartXPro_IN:SmartXPro_IN,2027-W47,116,0,SmartXPro_IN:AMER:2027-W49:00239,shipment,SP_SmartXPro_IN
SmartXPro_IN,OUT:dad:DC_AMER:SmartXPro_IN,2027-W45,114,13,SmartXPro_IN:AMER:2027-W46:00014,shipment,DC_AMER
SmartXPro_IN,OUT:dad:DC_AMER:SmartXPro_IN,2027-W45,114,76,SmartXPro_IN:AMER:2027-W46:00077,shipment,DC_AMER
SmartXPro_IN,OUT:dad:DC_AMER:SmartXPro_IN,2027-W48,117,0,SmartXPro_IN:AMER:2027-W48:00230,shipment,DC_AMER
SmartXPro_IN,OUT:dad:DC_AMER:SmartXPro_IN,2027-W49,118,0,SmartXPro_IN:AMER:2027-W49:00239,shipment,DC_AMER
SmartXPro_IN,OUT:leaf_out:AMER:SmartXPro_IN,2027-W46,115,13,SmartXPro_IN:AMER:2027-W46:00014,shipment,Retail_AMER
SmartXPro_IN,OUT:leaf_out:AMER:SmartXPro_IN,2027-W46,115,76,SmartXPro_IN:AMER:2027-W46:00077,shipment,Retail_AMER
SmartXPro_IN,OUT:leaf_out:AMER:SmartXPro_IN,2027-W49,118,0,SmartXPro_IN:AMER:2027-W48:00230,shipment,Retail_AMER
SmartXPro_IN,OUT:leaf_out:AMER:SmartXPro_IN,2027-W50,119,0,SmartXPro_IN:AMER:2027-W49:00239,shipment,Retail_AMER
SmartXPro_IN,IN:mom:AssemblyIN:SmartXPro_IN,2027-W43,112,13,SmartXPro_IN:AMER:2027-W46:00014,shipment,AssemblyIN
SmartXPro_IN,IN:mom:AssemblyIN:SmartXPro_IN,2027-W43,112,76,SmartXPro_IN:AMER:2027-W46:00077,shipment,AssemblyIN
SmartXPro_IN,IN:mom:AssemblyIN:SmartXPro_IN,2027-W46,115,0,SmartXPro_IN:AMER:2027-W48:00230,shipment,AssemblyIN
SmartXPro_IN,IN:mom:AssemblyIN:SmartXPro_IN,2027-W47,116,0,SmartXPro_IN:AMER:2027-W49:00239,shipment,AssemblyIN
SmartXPro_IN,IN:leaf_in:SensorIN:SmartXPro_IN,2027-W39,108,829,SmartXPro_IN:AMER:2027-W46:00014,shipment,SensorIN
SmartXPro_IN,IN:leaf_in:SensorIN:SmartXPro_IN,2027-W40,109,0,SmartXPro_IN:AMER:2027-W46:00077,shipment,SensorIN
SmartXPro_IN,IN:leaf_in:SensorIN:SmartXPro_IN,2027-W43,112,0,SmartXPro_IN:AMER:2027-W48:00230,shipment,SensorIN
SmartXPro_IN,IN:leaf_in:SensorIN:SmartXPro_IN,2027-W43,112,811,SmartXPro_IN:AMER:2027-W49:00239,shipment,SensorIN
