product,node_name,role,resource_id
Koshihikari,Tanbo_Niigata,harvest,FIELD_NIIGATA
Koshihikari,Sanchiku_Niigata,collection,COLLECT_NIIGATA
Koshihikari,Genmai_Souko_Niigata,store_receipt,STORE_RECEIPT_NIIGATA
Koshihikari,Genmai_Souko_Niigata,storage,BROWN_STORE_NIIGATA
Yumepirika,Tanbo_Hokkaido,harvest,FIELD_HOKKAIDO
Yumepirika,Sanchiku_Hokkaido,collection,COLLECT_HOKKAIDO
Yumepirika,Genmai_Souko_Hokkaido,store_receipt,STORE_RECEIPT_HOKKAIDO
Yumepirika,Genmai_Souko_Hokkaido,storage,BROWN_STORE_HOKKAIDO
Koshihikari,Seihaku_E,polish,MILL_E
Koshihikari,Seihaku_W,polish,MILL_W
Koshihikari,DC_Higashi,dc,DC_HIGASHI
Koshihikari,DC_Nishi,dc,DC_NISHI
Koshihikari,Retail_KANTO,market,MARKET_KANTO
Koshihikari,Retail_TOHOKU,market,MARKET_TOHOKU
Koshihikari,Retail_KANSAI,market,MARKET_KANSAI
Koshihikari,Retail_KYUSHU,market,MARKET_KYUSHU
Yumepirika,Seihaku_E,polish,MILL_E
Yumepirika,Seihaku_W,polish,MILL_W
Yumepirika,DC_Higashi,dc,DC_HIGASHI
Yumepirika,DC_Nishi,dc,DC_NISHI
Yumepirika,Retail_KANTO,market,MARKET_KANTO
Yumepirika,Retail_TOHOKU,market,MARKET_TOHOKU
Yumepirika,Retail_KANSAI,market,MARKET_KANSAI
Yumepirika,Retail_KYUSHU,market,MARKET_KYUSHU
